,Team,Games,Pass Comp,Pass Att,Pass Yds,Pass TD,Pass Int,2pt Conv,Sacks,Rush Att,Rush Yds,Rush TD,Fpts,DK Fpts,FD Fpts,Fpts/Game,DK Fpts/Game,FD Fpts/Game,Season
0,Minnesota Vikings,16,335,542,4300,33,16,2,27,39,266,2,308.60,345.6,324.6,19.3,21.6,20.3,2002
1,Detroit Lions,16,371,591,4404,27,10,1,33,56,206,2,290.96,323.8,300.8,18.2,20.2,18.8,2002
2,San Diego Chargers,16,375,607,4526,26,17,1,39,46,235,2,284.54,327.5,301.5,17.8,20.5,18.8,2002
3,New Orleans Saints,16,343,591,4058,25,19,2,39,50,289,6,283.22,320.2,302.2,17.7,20.0,18.9,2002
4,Cincinnati Bengals,16,287,453,3415,30,9,0,24,58,197,2,262.50,278.3,271.3,16.4,17.4,17.0,2002
5,Chicago Bears,16,335,546,3782,24,9,1,35,62,233,3,261.78,289.9,270.4,16.4,18.1,16.9,2002
6,Kansas City Chiefs,16,402,614,4363,26,18,0,33,40,154,1,259.92,304.9,277.9,16.2,19.1,17.4,2002
7,Tennessee Titans,16,338,560,3739,26,18,2,40,51,241,3,257.96,287.7,275.7,16.1,18.0,17.2,2002
8,Jacksonville Jaguars,16,313,516,3489,19,13,1,35,65,382,5,255.76,276.8,268.8,16.0,17.3,16.8,2002
9,Buffalo Bills,16,280,493,3274,23,10,1,31,57,180,6,248.96,267.0,259.0,15.6,16.7,16.2,2002
10,Arizona Cardinals,16,335,534,4005,29,17,0,21,41,68,0,245.00,276.0,262.0,15.3,17.3,16.4,2002
11,San Francisco 49ers,16,340,552,3701,23,19,0,32,35,181,3,236.14,265.1,255.1,14.8,16.6,15.9,2002
12,New York Giants,16,311,541,3369,17,11,4,36,57,438,2,234.76,261.8,246.3,14.7,16.4,15.4,2002
13,New England Patriots,16,311,527,3302,22,18,0,34,49,221,5,230.88,258.9,249.4,14.4,16.2,15.6,2002
14,Oakland Raiders,16,346,570,3787,21,21,0,42,46,161,3,221.58,251.6,242.6,13.8,15.7,15.2,2002
15,Dallas Cowboys,16,332,571,3544,21,19,0,24,61,253,2,219.06,241.1,238.1,13.7,15.1,14.9,2002
16,Seattle Seahawks,16,320,553,3576,21,19,2,28,60,219,1,216.94,244.9,235.9,13.6,15.3,14.7,2002
17,Atlanta Falcons,16,281,506,3560,23,24,3,44,53,244,1,212.80,244.8,236.8,13.3,15.3,14.8,2002
18,Houston Texans,16,279,508,3320,22,10,1,35,48,112,0,212.00,226.0,222.0,13.3,14.1,13.9,2002
19,Green Bay Packers,16,286,529,3216,23,24,1,43,59,285,4,211.14,247.1,235.1,13.2,15.4,14.7,2002
20,0,0,Passing,Passing,Passing,Passing,Passing,0,0,Rushing,Rushing,Rushing,Fantasy,Fantasy,Fantasy,Fantasy per Game,Fantasy per Game,Fantasy per Game,2002
21,Tm,G,Cmp,Att,Yds,TD,Int,2PP,Sk,Att,Yds,TD,FantPt,DKPt,FDPt,FantPt,DKPt,FDPt,2002
22,Washington Redskins,16,304,531,3283,19,14,0,40,44,145,4,205.82,228.8,219.8,12.9,14.3,13.7,2002
23,Pittsburgh Steelers,16,336,571,3773,19,19,1,50,51,141,2,205.02,239.0,224.0,12.8,14.9,14.0,2002
24,Indianapolis Colts,16,288,466,3160,19,10,1,36,58,261,1,201.20,222.2,211.7,12.6,13.9,13.2,2002
25,Denver Broncos,16,360,566,3588,15,9,1,40,40,135,2,201.02,225.0,210.0,12.6,14.1,13.1,2002
26,Miami Dolphins,16,293,518,3416,19,21,2,47,48,238,2,200.44,235.4,221.4,12.5,14.7,13.8,2002
27,Cleveland Browns,16,296,507,3376,19,16,0,28,58,185,1,197.54,219.5,213.5,12.3,13.7,13.3,2002
28,New York Jets,16,359,551,3685,17,15,1,28,38,126,0,196.60,216.0,211.0,12.3,13.5,13.2,2002
29,Carolina Panthers,16,291,520,3292,17,17,0,51,55,290,3,196.28,222.3,213.3,12.3,13.9,13.3,2002
30,Philadelphia Eagles,16,333,562,3442,18,15,1,56,47,224,0,192.08,217.1,207.1,12.0,13.6,12.9,2002
31,Baltimore Ravens,16,359,571,3810,16,25,1,33,51,109,2,189.30,221.3,214.3,11.8,13.8,13.4,2002
32,St. Louis Rams,16,292,458,3449,15,12,0,38,44,165,1,184.56,211.5,196.5,11.5,13.2,12.3,2002
33,Tampa Bay Buccaneers,16,258,507,2777,10,30,0,43,49,114,2,106.48,143.5,136.5,6.7,9.0,8.5,2002
0,Arizona Cardinals,16,311,497,3686,29,13,0,21,47,165,6,283.94,305.9,296.9,17.7,19.1,18.6,2003
1,San Diego Chargers,16,321,521,3566,36,13,0,30,48,139,0,269.14,292.5,279.5,16.8,18.3,17.5,2003
2,Detroit Lions,16,331,522,3760,26,15,0,28,57,238,4,260.20,287.2,275.2,16.3,18.0,17.2,2003
3,Atlanta Falcons,16,322,506,3980,28,15,2,36,51,168,1,256.00,292.0,271.0,16.0,18.3,16.9,2003
4,Oakland Raiders,16,285,466,3535,20,14,2,25,54,194,3,236.80,265.6,251.6,14.8,16.6,15.7,2003
5,New York Giants,16,308,517,3699,25,10,1,45,59,123,1,234.26,263.3,244.3,14.6,16.5,15.3,2003
6,Seattle Seahawks,16,342,572,3718,23,16,0,40,53,159,2,232.62,254.6,248.6,14.5,15.9,15.5,2003
7,Cincinnati Bengals,16,297,508,3598,23,14,2,30,36,137,1,227.62,258.6,241.6,14.2,16.2,15.1,2003
8,Washington Redskins,16,285,483,3354,23,17,0,26,48,98,5,225.36,249.3,242.8,14.1,15.6,15.2,2003
9,Carolina Panthers,16,298,519,3201,19,16,0,40,49,303,3,218.74,242.7,235.2,13.7,15.2,14.7,2003
10,Green Bay Packers,16,326,589,3600,18,21,1,34,61,291,4,217.90,251.9,239.4,13.6,15.7,15.0,2003
11,Jacksonville Jaguars,16,303,508,3385,23,14,1,24,45,153,1,216.20,240.2,230.7,13.5,15.0,14.4,2003
12,Houston Texans,16,296,500,3803,22,14,0,19,50,101,0,214.72,238.2,228.2,13.4,14.9,14.3,2003
13,San Francisco 49ers,16,308,511,3530,25,22,0,42,41,124,1,205.60,241.6,227.6,12.9,15.1,14.2,2003
14,Philadelphia Eagles,16,336,558,3447,17,13,1,38,48,153,3,205.18,223.2,218.2,12.8,14.0,13.6,2003
15,Indianapolis Colts,16,276,442,3024,18,14,1,31,38,115,5,198.46,221.5,212.5,12.4,13.8,13.3,2003
16,Minnesota Vikings,16,310,529,3681,17,28,1,37,34,175,3,196.74,230.7,224.7,12.3,14.4,14.0,2003
17,New Orleans Saints,16,262,483,3135,20,14,0,32,50,214,1,194.60,219.6,208.6,12.2,13.7,13.0,2003
18,Pittsburgh Steelers,16,294,484,3245,20,14,1,35,43,127,1,194.50,218.5,208.5,12.2,13.7,13.0,2003
19,Tennessee Titans,16,332,546,3829,20,21,0,38,32,110,0,193.96,229.0,215.5,12.1,14.3,13.5,2003
20,0,0,Passing,Passing,Passing,Passing,Passing,0,0,Rushing,Rushing,Rushing,Fantasy,Fantasy,Fantasy,Fantasy per Game,Fantasy per Game,Fantasy per Game,2003
21,Tm,G,Cmp,Att,Yds,TD,Int,2PP,Sk,Att,Yds,TD,FantPt,DKPt,FDPt,FantPt,DKPt,FDPt,2003
22,Chicago Bears,16,325,521,3151,19,15,3,18,50,137,1,193.74,210.7,208.7,12.1,13.2,13.0,2003
23,Denver Broncos,16,264,489,3045,17,9,1,36,43,121,2,191.90,209.9,200.9,12.0,13.1,12.6,2003
24,Kansas City Chiefs,16,331,563,3542,19,25,0,36,47,213,1,191.18,221.0,216.0,11.9,13.8,13.5,2003
25,Buffalo Bills,16,285,507,2938,18,10,1,38,38,115,2,185.12,200.0,195.0,11.6,12.5,12.2,2003
26,St. Louis Rams,16,295,509,3357,23,24,0,41,29,177,0,182.58,217.6,207.1,11.4,13.6,12.9,2003
27,New York Jets,16,281,453,3243,14,10,0,35,36,102,2,181.92,204.9,191.9,11.4,12.8,12.0,2003
28,Dallas Cowboys,16,238,489,2817,18,13,1,32,30,42,2,168.98,185.9,181.9,10.6,11.6,11.4,2003
29,Miami Dolphins,16,318,525,3563,11,21,0,44,42,141,2,160.62,189.6,181.6,10.0,11.9,11.4,2003
30,New England Patriots,16,328,617,3485,11,29,1,41,37,165,4,155.90,196.9,184.9,9.7,12.3,11.6,2003
31,Cleveland Browns,16,297,501,3049,13,15,0,34,32,120,0,150.06,174.0,165.0,9.4,10.9,10.3,2003
32,Tampa Bay Buccaneers,16,274,474,2944,16,20,0,36,40,180,0,145.76,175.8,165.8,9.1,11.0,10.4,2003
33,Baltimore Ravens,16,295,529,3077,18,24,0,47,26,99,0,142.98,178.0,167.0,8.9,11.1,10.4,2003
0,Kansas City Chiefs,16,312,521,4453,32,12,1,41,58,237,3,325.82,352.8,337.8,20.4,22.1,21.1,2004
1,Oakland Raiders,16,314,506,4082,30,9,1,25,54,213,2,291.88,317.9,301.4,18.2,19.9,18.8,2004
2,Minnesota Vikings,16,337,542,4124,30,11,1,39,34,162,3,289.16,320.2,300.2,18.1,20.0,18.8,2004
3,Green Bay Packers,16,313,513,3917,32,8,0,40,39,199,0,284.58,309.6,292.6,17.8,19.4,18.3,2004
4,Dallas Cowboys,16,308,499,3673,30,13,2,33,42,156,1,264.92,287.5,277.5,16.6,18.0,17.3,2004
5,Indianapolis Colts,16,363,555,4228,26,19,2,45,42,114,2,254.52,293.5,273.5,15.9,18.3,17.1,2004
6,Detroit Lions,16,324,531,3677,27,14,1,38,49,195,2,250.58,278.6,264.6,15.7,17.4,16.5,2004
7,Tennessee Titans,16,333,524,4027,29,18,1,32,47,117,1,249.18,287.8,266.8,15.6,18.0,16.7,2004
8,Houston Texans,16,344,529,3776,32,21,0,24,41,155,0,248.54,280.5,269.5,15.5,17.5,16.8,2004
9,New Orleans Saints,16,323,541,4074,23,12,2,37,47,137,2,247.06,280.7,258.7,15.4,17.5,16.2,2004
10,St. Louis Rams,16,290,490,3363,23,6,1,33,60,232,2,243.72,259.7,249.7,15.2,16.2,15.6,2004
11,New York Giants,16,291,464,3270,27,13,1,40,64,283,1,241.40,268.1,254.1,15.1,16.8,15.9,2004
12,San Francisco 49ers,16,308,489,3680,27,9,0,29,45,89,0,240.10,259.1,249.1,15.0,16.2,15.6,2004
13,San Diego Chargers,16,372,605,4195,19,23,1,29,33,105,2,218.00,258.0,242.5,13.6,16.1,15.2,2004
14,Chicago Bears,16,287,515,3513,23,17,0,34,52,157,1,216.72,241.2,233.2,13.5,15.1,14.6,2004
15,Seattle Seahawks,16,340,558,3808,24,22,0,35,39,143,2,216.62,248.6,238.6,13.5,15.5,14.9,2004
16,Atlanta Falcons,16,328,517,3838,19,19,1,48,31,54,3,204.92,238.9,223.9,12.8,14.9,14.0,2004
17,Denver Broncos,16,270,482,3150,17,12,0,37,44,186,2,202.40,225.4,214.9,12.7,14.1,13.4,2004
18,Cincinnati Bengals,16,313,519,3560,23,20,0,37,47,98,1,198.40,230.2,218.2,12.4,14.4,13.6,2004
19,Jacksonville Jaguars,16,306,496,3574,18,16,1,36,44,139,1,196.86,226.9,212.9,12.3,14.2,13.3,2004
20,0,0,Passing,Passing,Passing,Passing,Passing,0,0,Rushing,Rushing,Rushing,Fantasy,Fantasy,Fantasy,Fantasy per Game,Fantasy per Game,Fantasy per Game,2004
21,Tm,G,Cmp,Att,Yds,TD,Int,2PP,Sk,Att,Yds,TD,FantPt,DKPt,FDPt,FantPt,DKPt,FDPt,2004
22,New York Jets,16,288,495,3522,20,19,0,37,37,128,1,195.68,220.7,214.7,12.2,13.8,13.4,2004
23,New England Patriots,16,315,537,3711,18,20,2,45,33,133,1,191.74,223.7,211.7,12.0,14.0,13.2,2004
24,Carolina Panthers,16,303,513,3703,18,26,0,34,59,214,1,185.72,225.5,211.5,11.6,14.1,13.2,2004
25,Cleveland Browns,16,277,458,3091,17,15,1,32,46,154,2,183.04,208.0,198.0,11.4,13.0,12.4,2004
26,Arizona Cardinals,16,271,503,3265,18,15,2,38,47,151,0,182.00,205.7,196.7,11.4,12.9,12.3,2004
27,Philadelphia Eagles,16,334,547,3475,16,17,1,47,36,128,1,181.80,205.8,198.8,11.4,12.9,12.4,2004
28,Tampa Bay Buccaneers,16,247,435,2843,21,16,0,45,49,235,0,178.72,203.7,195.2,11.2,12.7,12.2,2004
29,Miami Dolphins,16,244,433,2815,20,15,0,36,37,118,1,176.40,193.4,191.4,11.0,12.1,12.0,2004
30,Washington Redskins,16,293,514,3196,16,18,2,40,38,110,0,167.24,186.8,184.8,10.5,11.7,11.6,2004
31,Baltimore Ravens,16,276,499,3386,14,20,0,39,40,141,1,157.74,190.5,177.5,9.9,11.9,11.1,2004
32,Buffalo Bills,16,261,486,2943,20,24,1,45,33,101,0,150.22,185.8,173.8,9.4,11.6,10.9,2004
33,Pittsburgh Steelers,16,269,483,3060,14,19,1,41,35,173,0,145.70,174.7,164.7,9.1,10.9,10.3,2004
0,San Francisco 49ers,16,374,575,4620,28,16,1,28,51,103,2,283.40,323.1,299.1,17.7,20.2,18.7,2005
1,Houston Texans,16,304,469,3727,24,7,0,37,52,214,3,266.88,278.5,273.5,16.7,17.4,17.1,2005
2,Tennessee Titans,16,295,468,3456,33,9,2,41,41,68,1,253.14,270.0,262.0,15.8,16.9,16.4,2005
3,New England Patriots,16,296,527,3926,25,10,1,33,35,119,0,242.94,268.9,252.9,15.2,16.8,15.8,2005
4,Miami Dolphins,16,322,548,3679,23,14,0,49,50,191,2,229.26,252.3,243.3,14.3,15.8,15.2,2005
5,St. Louis Rams,16,312,503,3592,26,13,1,41,44,124,0,228.28,251.1,241.1,14.3,15.7,15.1,2005
6,Kansas City Chiefs,16,324,557,3845,24,16,1,28,37,97,2,227.50,262.5,243.5,14.2,16.4,15.2,2005
7,San Diego Chargers,16,338,567,3888,20,10,0,46,45,137,1,227.22,250.2,237.2,14.2,15.6,14.8,2005
8,Philadelphia Eagles,16,297,503,3507,24,17,0,29,45,165,2,224.98,253.8,241.8,14.1,15.9,15.1,2005
9,Buffalo Bills,16,314,503,3560,19,17,0,38,59,233,4,219.80,248.7,236.7,13.7,15.5,14.8,2005
10,Minnesota Vikings,16,317,531,3507,23,24,0,34,50,228,2,209.48,247.1,233.1,13.1,15.4,14.6,2005
11,New Orleans Saints,16,241,418,3014,20,10,0,25,60,222,3,208.36,228.4,218.9,13.0,14.3,13.7,2005
12,Oakland Raiders,16,295,484,3477,17,5,1,35,42,150,1,208.08,225.1,213.1,13.0,14.1,13.3,2005
13,Seattle Seahawks,16,329,569,3829,18,16,2,49,45,187,0,201.96,240.9,219.9,12.6,15.1,13.7,2005
14,New York Giants,16,327,578,3809,18,17,0,41,40,131,1,201.56,235.6,219.1,12.6,14.7,13.7,2005
15,Green Bay Packers,16,252,430,2876,22,10,1,34,52,192,1,200.24,218.2,210.2,12.5,13.6,13.1,2005
16,Cincinnati Bengals,16,324,518,3749,21,31,1,28,49,141,3,200.06,246.1,231.1,12.5,15.4,14.4,2005
17,Arizona Cardinals,16,301,488,3314,17,15,1,37,40,127,4,199.56,219.3,214.3,12.5,13.7,13.4,2005
18,Denver Broncos,16,344,612,3833,20,20,0,28,24,71,1,196.42,227.4,216.4,12.3,14.2,13.5,2005
19,Atlanta Falcons,16,319,525,3390,18,16,0,37,39,119,1,187.50,209.5,203.5,11.7,13.1,12.7,2005
20,0,0,Passing,Passing,Passing,Passing,Passing,0,0,Rushing,Rushing,Rushing,Fantasy,Fantasy,Fantasy,Fantasy per Game,Fantasy per Game,Fantasy per Game,2005
21,Tm,G,Cmp,Att,Yds,TD,Int,2PP,Sk,Att,Yds,TD,FantPt,DKPt,FDPt,FantPt,DKPt,FDPt,2005
22,Dallas Cowboys,16,271,494,3319,18,15,0,37,31,144,1,187.16,209.2,202.2,11.7,13.1,12.6,2005
23,Detroit Lions,16,295,486,3305,19,19,0,31,37,150,1,183.20,213.2,202.7,11.5,13.3,12.7,2005
24,Indianapolis Colts,16,343,509,3469,17,18,0,45,38,185,1,181.26,210.3,199.3,11.3,13.1,12.5,2005
25,Pittsburgh Steelers,16,315,549,3480,15,15,0,47,37,120,1,179.20,201.2,194.2,11.2,12.6,12.1,2005
26,Jacksonville Jaguars,16,285,481,3223,22,19,0,47,36,138,0,178.72,210.7,197.7,11.2,13.2,12.4,2005
27,Cleveland Browns,16,278,469,2958,18,15,0,23,44,81,2,176.42,196.4,191.4,11.0,12.3,12.0,2005
28,Baltimore Ravens,16,294,521,3212,18,11,1,42,37,47,0,173.18,193.2,184.2,10.8,12.1,11.5,2005
29,Washington Redskins,16,291,532,3318,15,16,1,35,38,112,1,165.92,191.9,181.9,10.4,12.0,11.4,2005
30,Tampa Bay Buccaneers,16,275,476,3158,15,17,1,36,49,211,0,157.66,186.4,174.4,9.9,11.7,10.9,2005
31,New York Jets,16,284,462,2948,17,21,0,30,55,115,2,157.42,183.4,178.4,9.8,11.5,11.2,2005
32,Carolina Panthers,16,305,528,3351,15,23,3,45,34,171,0,157.14,193.1,180.1,9.8,12.1,11.3,2005
33,Chicago Bears,16,313,549,3147,10,24,0,40,49,67,1,121.08,153.9,145.9,7.6,9.6,9.1,2005
0,Washington Redskins,16,289,486,3586,30,6,0,19,53,148,0,262.24,276.2,268.2,16.4,17.3,16.8,2006
1,Tampa Bay Buccaneers,16,301,492,3520,26,10,0,25,60,232,1,250.20,277.0,260.0,15.6,17.3,16.3,2006
2,New York Giants,16,332,566,3782,20,17,1,32,60,326,4,249.88,276.9,266.9,15.6,17.3,16.7,2006
3,Houston Texans,16,328,504,3635,22,11,0,28,40,246,2,246.00,267.0,257.0,15.4,16.7,16.1,2006
4,New Orleans Saints,16,267,474,3122,26,11,0,38,56,320,2,244.88,264.9,255.9,15.3,16.6,16.0,2006
5,Dallas Cowboys,16,301,511,3729,25,18,0,34,55,214,3,244.56,276.6,262.6,15.3,17.3,16.4,2006
6,Cincinnati Bengals,16,349,555,4029,24,19,0,35,48,205,1,241.66,268.7,260.7,15.1,16.8,16.3,2006
7,Detroit Lions,16,339,510,3721,22,12,2,30,59,161,2,235.14,263.9,246.9,14.7,16.5,15.4,2006
8,Tennessee Titans,16,333,525,3721,23,17,1,26,43,150,2,231.84,259.8,248.8,14.5,16.2,15.6,2006
9,Arizona Cardinals,16,321,521,3932,21,15,0,38,49,166,1,219.88,253.9,234.9,13.7,15.9,14.7,2006
10,Seattle Seahawks,16,298,503,3523,22,12,1,41,32,60,2,218.92,239.9,230.9,13.7,15.0,14.4,2006
11,San Francisco 49ers,16,327,509,3765,24,12,0,34,40,70,0,218.00,241.6,229.6,13.6,15.1,14.4,2006
12,Carolina Panthers,16,289,498,3228,21,14,2,41,57,209,2,216.02,239.0,230.0,13.5,14.9,14.4,2006
13,Green Bay Packers,16,283,512,3602,25,23,2,46,51,156,2,211.58,253.3,234.8,13.2,15.8,14.7,2006
14,Miami Dolphins,16,279,497,3275,22,8,0,47,37,123,2,211.30,227.3,219.3,13.2,14.2,13.7,2006
15,Atlanta Falcons,16,321,515,3903,20,12,0,37,28,64,0,202.52,234.5,214.5,12.7,14.7,13.4,2006
16,New York Jets,16,316,531,3452,19,16,3,35,29,112,2,201.28,228.3,217.3,12.6,14.3,13.6,2006
17,Kansas City Chiefs,16,313,504,3523,17,15,0,32,47,191,2,200.02,223.0,215.0,12.5,13.9,13.4,2006
18,Pittsburgh Steelers,16,319,529,3619,21,20,0,39,48,154,0,198.26,225.3,218.8,12.4,14.1,13.7,2006
19,Buffalo Bills,16,324,512,3284,18,13,0,37,52,190,1,194.36,211.4,207.4,12.1,13.2,13.0,2006
20,0,0,Passing,Passing,Passing,Passing,Passing,0,0,Rushing,Rushing,Rushing,Fantasy,Fantasy,Fantasy,Fantasy per Game,Fantasy per Game,Fantasy per Game,2006
21,Tm,G,Cmp,Att,Yds,TD,Int,2PP,Sk,Att,Yds,TD,FantPt,DKPt,FDPt,FantPt,DKPt,FDPt,2006
22,Philadelphia Eagles,16,308,522,3327,17,19,0,40,53,308,1,193.88,218.9,212.9,12.1,13.7,13.3,2006
23,San Diego Chargers,16,307,538,3563,19,16,0,61,34,173,0,191.62,223.6,208.1,12.0,14.0,13.0,2006
24,Cleveland Browns,16,283,498,3379,20,18,1,28,52,116,1,190.96,215.8,208.8,11.9,13.5,13.1,2006
25,St. Louis Rams,16,266,450,3249,21,17,0,33,32,133,1,187.26,210.3,204.3,11.7,13.1,12.8,2006
26,Minnesota Vikings,16,355,596,4015,15,21,0,30,30,35,1,178.20,216.1,199.1,11.1,13.5,12.4,2006
27,Baltimore Ravens,16,279,506,3429,16,27,1,59,42,174,2,172.56,208.6,199.6,10.8,13.0,12.5,2006
28,Indianapolis Colts,16,266,414,2705,16,14,1,25,48,233,3,172.20,194.2,186.2,10.8,12.1,11.6,2006
29,Denver Broncos,16,327,537,3612,13,17,1,35,32,77,0,169.78,197.8,187.3,10.6,12.4,11.7,2006
30,Jacksonville Jaguars,16,294,521,3278,12,20,0,31,53,174,2,166.52,193.5,186.5,10.4,12.1,11.7,2006
31,Chicago Bears,16,324,576,3337,18,24,0,39,28,62,1,156.18,189.7,179.7,9.8,11.9,11.2,2006
32,Oakland Raiders,16,244,409,2612,16,18,0,34,52,119,0,140.38,163.4,158.4,8.8,10.2,9.9,2006
33,New England Patriots,16,294,518,3484,10,22,1,44,29,99,1,136.76,178.8,159.8,8.5,11.2,10.0,2006
0,Detroit Lions,16,421,600,4360,32,17,1,37,55,116,1,274.40,315.0,289.0,17.2,19.7,18.1,2007
1,New Orleans Saints,16,325,522,4111,30,13,0,31,40,158,0,273.14,301.1,286.6,17.1,18.8,17.9,2007
2,Cleveland Browns,16,340,577,3867,29,17,1,28,30,149,4,271.68,303.6,288.6,17.0,19.0,18.0,2007
3,Miami Dolphins,16,242,409,3186,28,14,0,30,54,224,6,264.24,291.2,279.7,16.5,18.2,17.5,2007
4,Cincinnati Bengals,16,352,539,3807,28,19,2,22,44,63,3,246.08,273.8,265.3,15.4,17.1,16.6,2007
5,Houston Texans,16,361,546,3878,25,11,0,31,35,167,0,245.92,267.8,256.8,15.4,16.7,16.1,2007
6,Denver Broncos,16,279,457,3297,25,14,1,33,65,239,4,240.24,267.8,251.8,15.0,16.7,15.7,2007
7,Washington Redskins,16,351,602,3622,20,14,0,33,53,216,5,239.48,260.5,252.5,15.0,16.3,15.8,2007
8,Carolina Panthers,16,337,537,3603,22,14,0,23,49,160,3,234.82,254.5,249.0,14.7,15.9,15.6,2007
9,Baltimore Ravens,16,293,490,3740,27,17,0,32,34,47,1,233.10,255.1,250.6,14.6,15.9,15.7,2007
10,St. Louis Rams,16,317,522,3815,25,18,0,31,35,65,2,231.60,257.1,249.1,14.5,16.1,15.6,2007
11,San Francisco 49ers,16,345,543,3826,24,12,0,31,45,116,0,230.54,256.4,242.9,14.4,16.0,15.2,2007
12,Arizona Cardinals,16,361,570,3958,26,18,1,36,38,131,0,230.52,267.5,249.0,14.4,16.7,15.6,2007
13,Atlanta Falcons,16,336,536,3801,27,16,0,25,41,97,0,228.06,263.7,243.7,14.3,16.5,15.2,2007
14,New York Giants,16,306,522,3666,24,15,0,53,43,119,1,224.54,251.5,239.5,14.0,15.7,15.0,2007
15,Minnesota Vikings,16,414,645,4485,21,15,0,37,35,55,0,223.80,262.8,239.3,14.0,16.4,15.0,2007
16,Jacksonville Jaguars,16,319,543,3660,20,20,1,37,50,166,2,209.00,239.0,229.0,13.1,14.9,14.3,2007
17,Green Bay Packers,16,295,534,3584,23,19,1,35,20,55,1,206.86,233.9,225.9,12.9,14.6,14.1,2007
18,Buffalo Bills,16,354,566,3958,19,18,0,26,39,106,1,204.72,246.5,223.5,12.8,15.4,14.0,2007
19,Pittsburgh Steelers,16,292,535,3067,22,11,0,36,36,203,0,203.58,224.6,216.1,12.7,14.0,13.5,2007
20,0,0,Passing,Passing,Passing,Passing,Passing,0,0,Rushing,Rushing,Rushing,Fantasy,Fantasy,Fantasy,Fantasy per Game,Fantasy per Game,Fantasy per Game,2007
21,Tm,G,Cmp,Att,Yds,TD,Int,2PP,Sk,Att,Yds,TD,FantPt,DKPt,FDPt,FantPt,DKPt,FDPt,2007
22,New England Patriots,16,314,524,3381,23,19,0,47,32,141,2,202.24,233.2,222.2,12.6,14.6,13.9,2007
23,Philadelphia Eagles,16,312,539,3693,16,11,0,37,41,123,0,195.32,224.0,207.0,12.2,14.0,12.9,2007
24,Dallas Cowboys,16,341,579,3709,19,19,0,46,39,163,0,194.66,226.7,213.7,12.2,14.2,13.4,2007
25,Chicago Bears,16,342,540,3936,18,16,0,41,35,79,0,189.34,230.3,207.3,11.8,14.4,13.0,2007
26,Tennessee Titans,16,349,569,3428,21,22,1,40,30,101,0,185.32,211.2,205.2,11.6,13.2,12.8,2007
27,Oakland Raiders,16,259,436,3224,17,18,0,27,53,138,2,180.76,201.8,198.8,11.3,12.6,12.4,2007
28,New York Jets,16,289,470,3362,18,15,1,29,39,92,0,179.78,201.7,194.7,11.2,12.6,12.2,2007
29,Kansas City Chiefs,16,275,460,3238,17,14,0,36,51,108,0,176.32,198.3,190.3,11.0,12.4,11.9,2007
30,Seattle Seahawks,16,333,568,3808,15,20,1,45,37,103,0,174.72,208.6,194.6,10.9,13.0,12.2,2007
31,San Diego Chargers,16,338,555,3684,20,30,1,41,27,72,0,166.84,210.6,196.6,10.4,13.2,12.3,2007
32,Indianapolis Colts,16,325,498,2926,16,22,0,28,52,207,2,157.94,187.9,180.4,9.9,11.7,11.3,2007
33,Tampa Bay Buccaneers,16,297,490,2935,18,16,0,33,36,66,0,150.10,176.0,166.0,9.4,11.0,10.4,2007
0,Arizona Cardinals,16,322,515,3720,36,13,0,31,43,138,1,275.58,299.6,287.6,17.2,18.7,18.0,2008
1,Seattle Seahawks,16,364,564,4312,24,9,1,35,40,143,1,263.88,293.9,273.4,16.5,18.4,17.1,2008
2,San Diego Chargers,16,410,604,4086,24,15,1,27,48,155,2,256.94,285.9,271.9,16.1,17.9,17.0,2008
3,Detroit Lions,16,303,443,3907,25,4,0,30,49,81,2,256.88,284.4,260.4,16.1,17.8,16.3,2008
4,Houston Texans,16,294,471,3598,24,12,2,25,46,184,2,239.72,260.7,252.2,15.0,16.3,15.8,2008
5,Jacksonville Jaguars,16,297,464,3777,25,13,0,29,37,141,0,238.78,263.8,252.3,14.9,16.5,15.8,2008
6,Atlanta Falcons,16,325,549,3771,20,10,0,34,36,230,2,236.04,256.8,245.8,14.8,16.1,15.4,2008
7,New York Jets,16,368,571,4005,23,14,1,41,34,135,2,235.40,267.4,249.9,14.7,16.7,15.6,2008
8,Kansas City Chiefs,16,347,520,3807,20,13,1,10,47,159,2,234.48,260.2,247.2,14.7,16.3,15.5,2008
9,New Orleans Saints,16,298,524,3704,20,15,2,28,43,187,3,232.86,259.9,247.9,14.6,16.2,15.5,2008
10,San Francisco 49ers,16,330,544,3662,22,12,0,29,36,86,2,227.68,251.7,240.2,14.2,15.7,15.0,2008
11,New England Patriots,16,287,472,3442,26,14,1,31,26,136,1,227.28,254.3,241.3,14.2,15.9,15.1,2008
12,Denver Broncos,16,332,494,3789,20,6,1,25,42,96,0,227.16,241.2,233.2,14.2,15.1,14.6,2008
13,St. Louis Rams,16,277,443,3654,20,12,1,30,51,123,1,221.16,239.5,232.5,13.8,15.0,14.5,2008
14,Miami Dolphins,16,319,549,3844,18,18,1,39,38,190,3,220.96,258.0,239.0,13.8,16.1,14.9,2008
15,Cincinnati Bengals,16,314,505,3377,22,12,0,17,39,133,2,216.38,235.4,228.4,13.5,14.7,14.3,2008
16,Oakland Raiders,16,265,469,3403,20,16,2,31,59,236,1,216.02,242.0,232.5,13.5,15.1,14.5,2008
17,Carolina Panthers,16,332,555,3607,19,12,2,37,40,112,1,213.58,236.5,225.5,13.3,14.8,14.1,2008
18,Buffalo Bills,16,301,491,3441,14,10,0,24,53,207,4,208.34,229.3,218.3,13.0,14.3,13.6,2008
19,Chicago Bears,16,383,621,4076,21,22,0,28,28,12,1,208.24,240.2,230.2,13.0,15.0,14.4,2008
20,0,0,Passing,Passing,Passing,Passing,Passing,0,0,Rushing,Rushing,Rushing,Fantasy,Fantasy,Fantasy,Fantasy per Game,Fantasy per Game,Fantasy per Game,2008
21,Tm,G,Cmp,Att,Yds,TD,Int,2PP,Sk,Att,Yds,TD,FantPt,DKPt,FDPt,FantPt,DKPt,FDPt,2008
22,Dallas Cowboys,16,308,507,3377,19,8,0,59,44,116,2,204.88,222.7,212.7,12.8,13.9,13.3,2008
23,Green Bay Packers,16,287,516,3384,22,21,1,27,34,153,1,202.66,230.7,223.7,12.7,14.4,14.0,2008
24,Washington Redskins,16,289,510,3218,16,13,1,24,41,106,4,201.32,221.3,214.3,12.6,13.8,13.4,2008
25,Cleveland Browns,16,286,445,3363,19,22,0,17,52,161,2,194.30,221.9,214.4,12.1,13.9,13.4,2008
26,Minnesota Vikings,16,324,530,3753,15,12,0,45,44,98,1,191.92,217.9,203.9,12.0,13.6,12.7,2008
27,Tampa Bay Buccaneers,16,275,473,3150,22,22,1,29,48,104,0,190.10,217.1,212.6,11.9,13.6,13.3,2008
28,New York Giants,16,295,502,3410,17,17,1,42,39,209,0,189.30,214.3,206.3,11.8,13.4,12.9,2008
29,Philadelphia Eagles,16,282,522,3165,18,15,0,48,35,105,0,167.10,191.1,182.1,10.4,11.9,11.4,2008
30,Tennessee Titans,16,342,574,3458,12,20,0,44,34,96,3,161.92,193.9,181.9,10.1,12.1,11.4,2008
31,Baltimore Ravens,16,276,528,3132,17,26,0,34,39,194,0,156.68,184.7,182.7,9.8,11.5,11.4,2008
32,Indianapolis Colts,16,328,480,3211,6,15,2,30,41,150,1,135.44,159.4,150.4,8.5,10.0,9.4,2008
33,Pittsburgh Steelers,16,300,531,2853,12,20,0,51,30,65,1,122.62,148.6,142.6,7.7,9.3,8.9,2008
0,Detroit Lions,16,369,543,4353,34,9,0,26,39,66,2,303.02,336.7,311.7,18.9,21.0,19.5,2009
1,Tennessee Titans,16,403,602,4336,30,20,0,32,45,104,2,270.14,313.8,289.8,16.9,19.6,18.1,2009
2,Miami Dolphins,16,281,488,3996,23,14,1,44,44,190,5,266.84,296.8,280.8,16.7,18.6,17.6,2009
3,New York Giants,16,314,497,3662,31,12,1,31,41,159,2,265.38,292.5,277.0,16.6,18.3,17.3,2009
4,Jacksonville Jaguars,16,345,508,3853,28,14,1,14,47,93,2,261.72,284.4,275.4,16.4,17.8,17.2,2009
5,Chicago Bears,16,341,531,3654,29,13,2,35,42,128,2,257.36,280.0,270.0,16.1,17.5,16.9,2009
6,St. Louis Rams,16,314,489,3913,22,8,1,25,47,174,2,256.42,278.1,265.1,16.0,17.4,16.6,2009
7,Atlanta Falcons,16,335,535,4041,25,15,0,28,45,223,1,256.04,288.0,271.0,16.0,18.0,16.9,2009
8,Cleveland Browns,16,312,524,4128,22,10,0,40,50,221,0,253.32,282.2,263.2,15.8,17.6,16.5,2009
9,Seattle Seahawks,16,374,567,4112,27,13,1,28,27,65,0,246.98,277.0,260.0,15.4,17.3,16.3,2009
10,Minnesota Vikings,16,341,535,3812,26,11,0,48,39,155,0,242.88,263.0,253.0,15.2,16.4,15.8,2009
11,Kansas City Chiefs,16,302,508,3844,25,15,0,22,52,161,1,236.76,272.9,248.9,14.8,17.1,15.6,2009
12,Tampa Bay Buccaneers,16,300,481,3457,28,19,0,28,40,155,1,230.08,256.8,248.8,14.4,16.1,15.6,2009
13,Pittsburgh Steelers,16,319,545,3761,22,11,2,47,31,111,1,223.54,250.5,234.5,14.0,15.7,14.7,2009
14,Dallas Cowboys,16,344,571,3874,19,11,0,42,37,123,1,221.56,243.6,233.6,13.8,15.2,14.6,2009
15,Philadelphia Eagles,16,353,579,3752,27,25,1,44,37,129,1,220.98,262.0,246.0,13.8,16.4,15.4,2009
16,Oakland Raiders,16,259,438,3531,16,8,0,37,51,101,4,219.84,232.3,227.3,13.7,14.5,14.2,2009
17,Arizona Cardinals,16,345,592,3956,22,21,0,43,36,88,2,219.04,259.9,240.9,13.7,16.2,15.1,2009
18,New England Patriots,16,299,510,3583,24,18,0,31,30,90,1,218.74,249.3,232.3,13.7,15.6,14.5,2009
19,San Diego Chargers,16,324,532,3563,22,14,0,35,44,130,1,213.52,241.5,227.5,13.3,15.1,14.2,2009
20,0,0,Passing,Passing,Passing,Passing,Passing,0,0,Rushing,Rushing,Rushing,Fantasy,Fantasy,Fantasy,Fantasy per Game,Fantasy per Game,Fantasy per Game,2009
21,Tm,G,Cmp,Att,Yds,TD,Int,2PP,Sk,Att,Yds,TD,FantPt,DKPt,FDPt,FantPt,DKPt,FDPt,2009
22,Green Bay Packers,16,294,539,3450,29,30,1,37,32,138,1,211.80,246.8,241.8,13.2,15.4,15.1,2009
23,Houston Texans,16,344,547,3674,19,13,0,30,47,160,1,211.46,237.0,224.0,13.2,14.8,14.0,2009
24,Washington Redskins,16,314,511,3557,19,11,2,40,50,124,0,210.68,225.7,221.7,13.2,14.1,13.9,2009
25,Indianapolis Colts,16,372,583,3631,19,16,2,34,36,106,1,204.14,231.8,219.8,12.8,14.5,13.7,2009
26,Cincinnati Bengals,16,317,546,3468,18,19,0,34,45,132,3,204.12,230.7,223.2,12.8,14.4,14.0,2009
27,San Francisco 49ers,16,351,578,3941,13,18,0,44,56,159,3,195.64,240.5,213.5,12.2,15.0,13.3,2009
28,Baltimore Ravens,16,306,524,3506,17,22,0,32,46,166,2,188.84,215.8,210.8,11.8,13.5,13.2,2009
29,New Orleans Saints,16,329,571,3936,14,26,0,35,29,99,1,169.64,211.3,195.3,10.6,13.2,12.2,2009
30,Denver Broncos,16,297,508,3187,17,16,0,39,32,117,0,161.18,187.2,177.2,10.1,11.7,11.1,2009
31,Carolina Panthers,16,305,495,3249,14,22,0,31,47,192,1,157.16,190.2,179.2,9.8,11.9,11.2,2009
32,Buffalo Bills,16,295,517,3137,14,26,1,32,48,92,0,136.78,171.7,162.7,8.5,10.7,10.2,2009
33,New York Jets,16,258,498,2683,8,17,0,31,42,139,1,111.22,138.2,128.2,7.0,8.6,8.0,2009
0,Houston Texans,16,354,547,4499,33,13,0,30,54,176,2,313.56,345.6,326.6,19.6,21.6,20.4,2010
1,Dallas Cowboys,16,348,540,4151,33,20,2,35,42,142,2,280.24,319.2,300.2,17.5,20.0,18.8,2010
2,Seattle Seahawks,16,339,585,4240,31,12,2,37,36,93,0,279.20,307.9,290.9,17.5,19.2,18.2,2010
3,Washington Redskins,16,367,577,4363,23,14,1,29,51,249,3,277.52,307.4,291.4,17.3,19.2,18.2,2010
4,Jacksonville Jaguars,16,329,506,4193,28,13,0,26,34,126,1,272.42,300.3,285.3,17.0,18.8,17.8,2010
5,Denver Broncos,16,296,499,3908,26,10,0,23,49,159,3,272.22,298.2,282.2,17.0,18.6,17.6,2010
6,Oakland Raiders,16,249,470,3319,29,12,0,47,45,283,2,257.06,279.1,269.1,16.1,17.4,16.8,2010
7,Philadelphia Eagles,16,309,536,3761,31,23,1,39,52,267,1,253.14,290.1,276.1,15.8,18.1,17.3,2010
8,Detroit Lions,16,330,518,3786,23,14,0,44,60,287,2,250.14,276.1,264.1,15.6,17.3,16.5,2010
9,Tennessee Titans,16,410,624,4304,23,17,0,40,46,171,1,249.34,291.3,264.3,15.6,18.2,16.5,2010
10,San Francisco 49ers,16,358,549,3941,25,15,0,36,45,168,2,247.54,274.1,262.6,15.5,17.1,16.4,2010
11,New England Patriots,16,388,611,4348,25,25,2,36,42,232,1,247.12,292.1,272.1,15.4,18.3,17.0,2010
12,New York Giants,16,308,539,3668,24,16,2,46,56,313,3,244.02,282.0,260.0,15.3,17.6,16.3,2010
13,New York Jets,16,269,528,3454,24,12,0,40,51,202,3,242.36,263.4,254.4,15.1,16.5,15.9,2010
14,Buffalo Bills,16,292,471,3247,27,11,1,27,39,158,2,237.88,255.7,248.7,14.9,16.0,15.5,2010
15,Indianapolis Colts,16,356,535,3627,22,10,1,30,45,188,2,237.88,257.9,247.9,14.9,16.1,15.5,2010
16,Cleveland Browns,16,307,504,3712,25,18,0,29,45,163,1,236.88,255.8,246.8,14.8,16.0,15.4,2010
17,Minnesota Vikings,16,332,528,3527,25,15,0,31,46,191,1,235.58,257.6,251.6,14.7,16.1,15.7,2010
18,St. Louis Rams,16,327,568,3840,21,14,1,43,46,209,0,226.50,249.5,240.5,14.2,15.6,15.0,2010
19,Kansas City Chiefs,16,319,580,3777,23,14,0,39,33,98,1,224.88,244.9,238.9,14.1,15.3,14.9,2010
20,0,0,Passing,Passing,Passing,Passing,Passing,0,0,Rushing,Rushing,Rushing,Fantasy,Fantasy,Fantasy,Fantasy per Game,Fantasy per Game,Fantasy per Game,2010
21,Tm,G,Cmp,Att,Yds,TD,Int,2PP,Sk,Att,Yds,TD,FantPt,DKPt,FDPt,FantPt,DKPt,FDPt,2010
22,Atlanta Falcons,16,361,556,3834,22,22,1,31,37,153,2,222.66,261.7,244.7,13.9,16.4,15.3,2010
23,Miami Dolphins,16,287,501,3560,22,11,0,39,42,135,1,220.10,240.9,230.9,13.8,15.1,14.4,2010
24,Arizona Cardinals,16,324,533,3881,22,17,0,33,44,106,0,213.84,239.8,230.8,13.4,15.0,14.4,2010
25,Baltimore Ravens,16,348,595,3760,21,19,1,27,34,114,0,207.80,242.8,226.8,13.0,15.2,14.2,2010
26,Tampa Bay Buccaneers,16,306,519,3350,23,19,1,26,40,117,1,202.60,225.6,222.1,12.7,14.1,13.9,2010
27,Cincinnati Bengals,16,325,513,3609,20,16,1,27,37,88,0,199.16,223.2,215.2,12.4,14.0,13.5,2010
28,Carolina Panthers,16,326,524,3617,19,17,0,30,44,121,1,194.78,222.8,211.8,12.2,13.9,13.2,2010
29,Chicago Bears,16,363,581,3820,14,21,0,34,59,156,3,194.60,230.4,215.4,12.2,14.4,13.5,2010
30,New Orleans Saints,16,305,492,3340,13,9,2,33,40,159,1,192.80,209.8,202.3,12.1,13.1,12.6,2010
31,San Diego Chargers,16,285,488,3135,18,16,0,47,48,171,2,192.50,209.5,208.5,12.0,13.1,13.0,2010
32,Green Bay Packers,16,296,527,3440,16,24,0,47,40,338,0,187.40,223.4,211.4,11.7,14.0,13.2,2010
33,Pittsburgh Steelers,16,363,592,3744,15,21,1,47,38,126,2,180.36,217.4,207.4,11.3,13.6,13.0,2010
0,Minnesota Vikings,16,367,538,4361,34,8,0,50,50,183,2,312.74,339.7,320.7,19.5,21.2,20.0,2011
1,New England Patriots,16,385,617,4928,25,23,0,40,57,288,4,295.92,352.9,318.9,18.5,22.1,19.9,2011
2,Oakland Raiders,16,324,600,4262,31,18,0,38,51,318,2,294.48,337.3,312.3,18.4,21.1,19.5,2011
3,Tampa Bay Buccaneers,16,300,480,3935,30,14,0,23,53,198,5,294.10,321.9,308.4,18.4,20.1,19.3,2011
4,Green Bay Packers,16,390,636,4988,29,31,2,29,49,216,1,286.12,343.0,317.5,17.9,21.4,19.8,2011
5,New Orleans Saints,16,362,626,4413,24,9,0,33,48,193,2,279.92,312.8,288.8,17.5,19.6,18.1,2011
6,New York Giants,16,361,588,4417,28,20,1,48,51,201,3,276.78,320.8,296.8,17.3,20.1,18.6,2011
7,Denver Broncos,16,333,534,3987,24,9,0,41,52,144,5,276.08,304.9,282.9,17.3,19.1,17.7,2011
8,Carolina Panthers,16,318,490,4119,28,14,0,31,49,126,3,273.36,308.4,287.4,17.1,19.3,18.0,2011
9,San Diego Chargers,16,299,476,3778,29,17,0,32,76,307,2,272.02,299.8,288.8,17.0,18.7,18.1,2011
10,Miami Dolphins,16,349,589,4192,24,16,0,40,56,171,3,268.78,299.8,284.8,16.8,18.7,17.8,2011
11,Detroit Lions,16,376,603,4102,26,21,1,41,47,288,4,266.48,312.5,287.5,16.7,19.5,18.0,2011
12,Buffalo Bills,16,321,507,3924,30,20,0,29,46,151,3,261.96,298.7,282.2,16.4,18.7,17.6,2011
13,Indianapolis Colts,16,351,493,3824,25,8,0,29,53,142,2,255.16,273.2,263.2,15.9,17.1,16.5,2011
14,Dallas Cowboys,16,336,545,4149,24,15,1,42,47,210,1,252.96,281.0,268.0,15.8,17.6,16.8,2011
15,Atlanta Falcons,16,340,560,4017,25,19,1,33,47,245,2,249.18,289.2,268.2,15.6,18.1,16.8,2011
16,Washington Redskins,16,308,509,3804,22,13,0,41,49,207,3,244.86,267.9,257.9,15.3,16.7,16.1,2011
17,Chicago Bears,16,383,629,4273,22,20,0,33,46,151,2,240.22,275.0,260.0,15.0,17.2,16.3,2011
18,Arizona Cardinals,16,340,577,4000,17,10,0,42,57,215,3,239.50,265.5,249.5,15.0,16.6,15.6,2011
19,Philadelphia Eagles,16,301,518,3713,27,15,0,50,37,96,1,232.22,258.1,247.1,14.5,16.1,15.4,2011
20,0,0,Passing,Passing,Passing,Passing,Passing,0,0,Rushing,Rushing,Rushing,Fantasy,Fantasy,Fantasy,Fantasy per Game,Fantasy per Game,Fantasy per Game,2011
21,Tm,G,Cmp,Att,Yds,TD,Int,2PP,Sk,Att,Yds,TD,FantPt,DKPt,FDPt,FantPt,DKPt,FDPt,2011
22,Tennessee Titans,16,368,590,3776,21,11,0,27,46,191,0,224.14,248.1,235.1,14.0,15.5,14.7,2011
23,Kansas City Chiefs,16,257,453,3407,23,19,1,29,47,150,4,223.28,249.3,242.3,14.0,15.6,15.1,2011
24,St. Louis Rams,16,291,480,3493,20,12,0,39,64,213,1,219.22,241.1,231.6,13.7,15.1,14.5,2011
25,Cincinnati Bengals,16,319,539,3662,21,10,0,45,45,129,0,219.08,237.9,229.4,13.7,14.9,14.3,2011
26,Jacksonville Jaguars,16,326,513,3554,21,17,1,31,44,139,2,211.56,239.3,228.8,13.2,15.0,14.3,2011
27,San Francisco 49ers,16,333,578,3978,20,22,1,42,46,204,1,209.52,250.5,231.5,13.1,15.7,14.5,2011
28,Seattle Seahawks,16,322,541,3734,17,22,0,33,67,235,1,200.86,229.9,222.9,12.6,14.4,13.9,2011
29,New York Jets,16,275,506,3414,15,19,0,35,43,176,2,184.36,215.2,203.2,11.5,13.5,12.7,2011
30,Houston Texans,16,278,537,3311,18,17,2,44,37,158,1,184.24,213.2,201.2,11.5,13.3,12.6,2011
31,Cleveland Browns,16,264,468,3123,15,9,0,32,46,157,1,178.62,195.6,187.6,11.2,12.2,11.7,2011
32,Pittsburgh Steelers,16,289,530,2981,15,11,0,35,29,134,0,164.64,181.6,175.6,10.3,11.4,11.0,2011
33,Baltimore Ravens,16,288,534,3430,11,15,0,48,37,135,0,158.70,185.7,173.7,9.9,11.6,10.9,2011
0,New Orleans Saints,16,370,602,4875,31,15,0,30,61,265,2,317.60,361.5,332.5,19.9,22.6,20.8,2012
1,Tampa Bay Buccaneers,16,409,626,4947,30,18,1,27,52,167,2,306.48,355.5,325.0,19.2,22.2,20.3,2012
2,Philadelphia Eagles,16,292,485,3668,33,8,0,30,61,260,4,304.72,328.7,312.7,19.0,20.5,19.5,2012
3,Minnesota Vikings,16,390,611,4167,28,10,2,44,60,309,3,303.78,331.6,311.6,19.0,20.7,19.5,2012
4,Oakland Raiders,16,347,525,3960,28,11,0,25,57,205,3,297.90,330.8,311.3,18.6,20.7,19.5,2012
5,Kansas City Chiefs,16,279,463,3694,29,7,0,27,49,211,2,291.36,306.1,299.1,18.2,19.1,18.7,2012
6,Washington Redskins,16,393,636,4720,31,21,2,31,43,141,1,288.90,337.9,309.9,18.1,21.1,19.4,2012
7,Buffalo Bills,16,306,536,3669,25,12,1,36,49,355,6,287.66,313.7,300.2,18.0,19.6,18.8,2012
8,New York Giants,16,341,534,4299,26,21,0,33,63,270,3,284.26,323.7,306.7,17.8,20.2,19.2,2012
9,Tennessee Titans,16,374,564,4205,31,19,1,39,54,177,1,273.70,302.3,292.8,17.1,18.9,18.3,2012
10,Detroit Lions,16,346,544,3806,26,11,1,34,52,311,1,267.84,293.8,279.3,16.7,18.4,17.5,2012
11,Miami Dolphins,16,353,600,4216,18,10,1,41,50,249,2,267.54,282.5,265.5,16.7,17.7,16.6,2012
12,New England Patriots,16,369,594,4555,27,20,0,37,51,184,3,266.60,320.6,286.6,16.7,20.0,17.9,2012
13,San Diego Chargers,16,346,567,3883,28,14,1,38,49,178,2,265.12,291.1,279.1,16.6,18.2,17.4,2012
14,Cleveland Browns,16,378,600,4156,27,17,1,38,38,107,3,263.04,307.9,279.9,16.4,19.2,17.5,2012
15,Jacksonville Jaguars,16,341,533,3960,21,12,1,20,59,207,5,259.10,283.1,271.1,16.2,17.7,16.9,2012
16,Houston Texans,16,308,581,3881,29,15,0,44,50,218,0,251.34,286.0,264.0,15.7,17.9,16.5,2012
17,St. Louis Rams,16,362,547,3927,16,17,0,52,80,368,5,250.72,285.2,267.7,15.7,17.8,16.7,2012
18,Dallas Cowboys,16,320,511,3895,22,7,0,34,38,206,1,249.00,272.0,256.0,15.6,17.0,16.0,2012
19,Indianapolis Colts,16,334,535,3977,23,12,0,32,39,182,0,242.38,264.4,254.4,15.1,16.5,15.9,2012
20,0,0,Passing,Passing,Passing,Passing,Passing,0,0,Rushing,Rushing,Rushing,Fantasy,Fantasy,Fantasy,Fantasy per Game,Fantasy per Game,Fantasy per Game,2012
21,Tm,G,Cmp,Att,Yds,TD,Int,2PP,Sk,Att,Yds,TD,FantPt,DKPt,FDPt,FantPt,DKPt,FDPt,2012
22,Green Bay Packers,16,313,568,3801,24,18,0,47,38,202,2,240.24,272.2,258.2,15.0,17.0,16.1,2012
23,Carolina Panthers,16,371,555,3852,22,11,1,39,47,147,1,234.98,267.0,246.5,14.7,16.7,15.4,2012
24,San Francisco 49ers,16,335,564,3433,19,14,2,38,48,190,2,218.62,239.3,232.3,13.7,15.0,14.5,2012
25,Atlanta Falcons,16,336,549,4032,14,20,0,29,36,274,3,216.68,254.7,236.7,13.5,15.9,14.8,2012
26,Denver Broncos,16,321,558,3558,25,16,0,52,33,74,1,216.62,239.6,233.6,13.5,15.0,14.6,2012
27,Baltimore Ravens,16,335,556,3900,15,12,0,37,40,146,2,211.00,239.6,222.6,13.2,15.0,13.9,2012
28,New York Jets,16,265,493,3183,19,11,0,30,44,159,3,209.52,226.2,220.2,13.1,14.1,13.8,2012
29,Cincinnati Bengals,16,346,559,3761,16,14,1,51,51,202,2,208.64,231.6,222.6,13.0,14.5,13.9,2012
30,Pittsburgh Steelers,16,299,521,3159,19,10,1,37,35,82,0,187.26,207.3,198.8,11.7,13.0,12.4,2012
31,Chicago Bears,16,349,591,3685,18,24,2,40,48,202,0,185.50,224.5,210.0,11.6,14.0,13.1,2012
32,Arizona Cardinals,16,270,496,3441,20,21,1,38,54,106,0,180.24,214.2,201.2,11.3,13.4,12.6,2012
33,Seattle Seahawks,16,326,563,3495,14,18,0,36,57,221,1,178.00,206.9,195.9,11.1,12.9,12.2,2012
0,Minnesota Vikings,16,418,647,4858,36,12,2,41,58,259,2,352.32,387.2,364.2,22.0,24.2,22.8,2013
1,Dallas Cowboys,16,403,621,4835,33,15,1,34,50,215,4,337.10,372.9,351.9,21.1,23.3,22.0,2013
2,Oakland Raiders,16,374,549,4352,33,9,0,38,49,177,2,311.78,335.8,320.8,19.5,21.0,20.1,2013
3,Atlanta Falcons,16,341,514,4128,31,10,0,32,59,269,3,306.02,332.0,316.0,19.1,20.8,19.8,2013
4,Jacksonville Jaguars,16,354,551,4187,29,11,0,31,73,267,5,304.58,328.2,315.2,19.0,20.5,19.7,2013
5,Tampa Bay Buccaneers,16,352,546,4061,30,21,1,35,66,286,5,297.54,326.0,318.0,18.6,20.4,19.9,2013
6,Philadelphia Eagles,16,408,670,4907,25,19,3,37,64,285,1,294.78,340.8,313.8,18.4,21.3,19.6,2013
7,San Diego Chargers,16,364,548,4387,23,11,0,35,55,279,2,283.18,307.2,294.2,17.7,19.2,18.4,2013
8,Green Bay Packers,16,331,538,4164,30,11,0,44,41,164,2,283.16,314.0,294.0,17.7,19.6,18.4,2013
9,Denver Broncos,16,356,612,4344,28,17,1,41,55,290,1,282.76,317.8,299.8,17.7,19.9,18.7,2013
10,New England Patriots,16,336,589,4137,25,17,0,48,45,260,3,271.48,302.5,288.5,17.0,18.9,18.0,2013
11,Cleveland Browns,16,361,602,3690,28,14,2,40,59,231,3,270.70,290.7,284.7,16.9,18.2,17.8,2013
12,Washington Redskins,16,337,514,4134,29,16,0,36,60,180,2,269.36,302.4,285.4,16.8,18.9,17.8,2013
13,New York Jets,16,343,584,4182,26,13,1,40,50,194,0,265.28,292.3,278.8,16.6,18.3,17.4,2013
14,Arizona Cardinals,16,367,625,4065,29,20,1,47,53,261,1,260.70,302.7,280.7,16.3,18.9,17.5,2013
15,Houston Texans,16,286,482,3289,28,7,1,32,43,206,1,256.06,270.8,263.3,16.0,16.9,16.5,2013
16,Kansas City Chiefs,16,333,591,4249,25,21,0,47,56,333,1,253.26,291.3,274.8,15.8,18.2,17.2,2013
17,Indianapolis Colts,16,324,535,3959,21,15,0,42,72,411,2,251.46,294.5,266.5,15.7,18.4,16.7,2013
18,Detroit Lions,16,337,571,4182,24,15,3,33,50,124,1,247.68,279.7,262.7,15.5,17.5,16.4,2013
19,Baltimore Ravens,16,313,550,3925,25,16,0,40,51,154,1,245.78,272.7,262.2,15.4,17.0,16.4,2013
20,0,0,Passing,Passing,Passing,Passing,Passing,0,0,Rushing,Rushing,Rushing,Fantasy,Fantasy,Fantasy,Fantasy per Game,Fantasy per Game,Fantasy per Game,2013
21,Tm,G,Cmp,Att,Yds,TD,Int,2PP,Sk,Att,Yds,TD,FantPt,DKPt,FDPt,FantPt,DKPt,FDPt,2013
22,Pittsburgh Steelers,16,329,569,3751,21,10,1,34,50,295,1,243.54,266.5,253.5,15.2,16.7,15.8,2013
23,New York Giants,16,361,601,3787,21,17,1,34,72,345,2,242.48,269.0,259.0,15.2,16.8,16.2,2013
24,Chicago Bears,16,315,507,3919,25,19,1,31,45,178,1,238.76,266.6,257.6,14.9,16.7,16.1,2013
25,St. Louis Rams,16,355,521,4200,21,14,1,53,44,121,2,238.10,273.1,252.1,14.9,17.1,15.8,2013
26,Buffalo Bills,16,310,561,3666,28,23,1,57,46,100,1,222.64,264.6,245.6,13.9,16.5,15.4,2013
27,Miami Dolphins,16,343,579,3994,17,18,0,42,59,206,2,218.86,254.9,236.9,13.7,15.9,14.8,2013
28,Cincinnati Bengals,16,362,614,3623,22,20,0,43,33,189,2,217.82,246.8,237.8,13.6,15.4,14.9,2013
29,New Orleans Saints,16,303,505,3416,20,12,0,49,48,283,1,216.94,242.9,228.9,13.6,15.2,14.3,2013
30,Tennessee Titans,16,344,545,3839,15,13,0,36,55,246,2,213.26,234.3,226.3,13.3,14.6,14.1,2013
31,San Francisco 49ers,16,345,584,3819,19,18,0,38,42,159,1,212.66,246.7,230.7,13.3,15.4,14.4,2013
32,Carolina Panthers,16,375,563,3853,17,20,1,60,44,156,0,191.72,224.7,211.7,12.0,14.0,13.2,2013
33,Seattle Seahawks,16,308,523,3048,15,28,1,44,60,250,0,144.92,179.9,172.9,9.1,11.2,10.8,2013
0,Washington Redskins,16,345,519,4231,35,7,0,36,56,253,2,328.54,352.5,335.5,20.5,22.0,21.0,2014
1,Chicago Bears,16,366,548,4458,34,14,0,39,58,203,1,304.62,343.6,318.6,19.0,21.5,19.9,2014
2,Philadelphia Eagles,16,345,591,4595,30,12,0,49,56,263,1,303.70,342.7,316.2,19.0,21.4,19.8,2014
3,New Orleans Saints,16,341,546,4207,26,12,3,34,57,294,3,295.68,322.7,307.7,18.5,20.2,19.2,2014
4,New York Jets,16,345,538,4056,31,6,1,45,43,114,1,288.64,306.6,294.6,18.0,19.2,18.4,2014
5,Pittsburgh Steelers,16,349,541,4237,30,11,0,33,43,177,1,285.18,317.2,296.2,17.8,19.8,18.5,2014
6,New York Giants,16,323,520,4153,25,17,1,47,66,377,3,281.82,314.8,298.8,17.6,19.7,18.7,2014
7,Oakland Raiders,16,343,537,3967,29,9,0,22,53,151,1,274.18,293.8,282.8,17.1,18.4,17.7,2014
8,Denver Broncos,16,398,640,3842,29,18,0,41,48,212,3,272.58,302.6,291.6,17.0,18.9,18.2,2014
9,Atlanta Falcons,16,358,564,4568,20,16,2,22,54,242,2,268.92,312.9,284.9,16.8,19.6,17.8,2014
10,Arizona Cardinals,16,365,579,4396,22,18,0,35,59,350,1,266.84,300.8,284.8,16.7,18.8,17.8,2014
11,San Diego Chargers,16,319,521,3586,24,7,0,26,54,363,2,265.84,285.7,272.7,16.6,17.9,17.0,2014
12,Tennessee Titans,16,345,542,3968,27,12,0,39,55,163,0,265.64,290.8,277.3,16.6,18.2,17.3,2014
13,Tampa Bay Buccaneers,16,385,561,4266,28,14,1,36,40,84,1,265.14,300.5,279.0,16.6,18.8,17.4,2014
14,Carolina Panthers,16,364,562,3913,25,14,0,40,47,209,3,259.92,286.4,273.4,16.2,17.9,17.1,2014
15,Dallas Cowboys,16,371,557,4187,22,18,1,27,43,124,5,259.88,294.9,277.9,16.2,18.4,17.4,2014
16,Baltimore Ravens,16,380,593,4317,21,11,1,49,47,122,3,258.88,291.9,269.9,16.2,18.2,16.9,2014
17,Jacksonville Jaguars,16,355,541,4174,24,6,0,45,54,189,1,257.86,281.9,263.9,16.1,17.6,16.5,2014
18,Green Bay Packers,16,333,564,3884,26,18,1,41,57,282,2,255.56,287.6,273.6,16.0,18.0,17.1,2014
19,Indianapolis Colts,16,320,543,3932,27,12,0,40,48,204,0,253.88,281.7,265.7,15.9,17.6,16.6,2014
20,0,0,Passing,Passing,Passing,Passing,Passing,0,0,Rushing,Rushing,Rushing,Fantasy,Fantasy,Fantasy,Fantasy per Game,Fantasy per Game,Fantasy per Game,2014
21,Tm,G,Cmp,Att,Yds,TD,Int,2PP,Sk,Att,Yds,TD,FantPt,DKPt,FDPt,FantPt,DKPt,FDPt,2014
22,Minnesota Vikings,16,353,534,3789,26,13,0,41,57,208,0,248.36,268.4,261.4,15.5,16.8,16.3,2014
23,New England Patriots,16,342,574,4119,24,16,3,40,45,180,0,246.76,277.8,262.8,15.4,17.4,16.4,2014
24,St. Louis Rams,16,368,540,4126,18,13,0,40,51,232,3,244.24,276.2,257.2,15.3,17.3,16.1,2014
25,Miami Dolphins,16,335,533,3703,27,14,1,39,57,209,1,243.02,267.0,257.0,15.2,16.7,16.1,2014
26,Houston Texans,16,361,616,4115,26,20,0,38,52,197,0,238.30,272.3,258.3,14.9,17.0,16.1,2014
27,Cleveland Browns,16,334,585,3758,22,21,0,31,55,228,3,231.12,264.1,252.1,14.4,16.5,15.8,2014
28,San Francisco 49ers,16,323,548,3721,29,23,0,36,40,137,0,228.54,262.5,251.5,14.3,16.4,15.7,2014
29,Detroit Lions,16,383,592,4001,23,20,1,42,33,109,1,226.94,263.9,246.9,14.2,16.5,15.4,2014
30,Kansas City Chiefs,16,318,544,3505,22,6,1,46,49,146,0,224.80,234.8,230.8,14.1,14.7,14.4,2014
31,Cincinnati Bengals,16,365,607,4013,18,19,1,20,63,249,1,223.82,262.4,242.4,14.0,16.4,15.2,2014
32,Buffalo Bills,16,337,559,3600,16,19,0,54,56,233,2,198.90,227.9,218.4,12.4,14.2,13.7,2014
33,Seattle Seahawks,16,312,506,3186,17,13,1,37,51,142,0,179.64,198.6,192.6,11.2,12.4,12.0,2014
0,New Orleans Saints,16,372,544,4755,45,9,2,31,51,194,2,383.60,424.6,392.6,24.0,26.5,24.5,2015
1,Philadelphia Eagles,16,393,632,4480,36,15,1,37,51,163,3,325.30,360.1,340.6,20.3,22.5,21.3,2015
2,New York Giants,16,423,638,4920,31,15,1,23,51,229,2,324.10,370.7,338.7,20.3,23.2,21.2,2015
3,Cleveland Browns,16,322,511,4169,34,11,2,29,48,160,3,315.06,342.8,325.8,19.7,21.4,20.4,2015
4,Jacksonville Jaguars,16,390,601,4528,29,9,1,36,74,283,2,313.62,344.4,322.4,19.6,21.5,20.2,2015
5,Tennessee Titans,16,318,500,3945,34,11,0,39,67,225,4,312.70,336.7,324.2,19.5,21.0,20.3,2015
6,Chicago Bears,16,322,511,3830,31,8,0,35,58,302,3,307.40,322.4,315.4,19.2,20.2,19.7,2015
7,Baltimore Ravens,16,350,545,3957,30,6,1,37,47,164,2,290.58,314.4,296.4,18.2,19.7,18.5,2015
8,Tampa Bay Buccaneers,16,378,540,4072,31,11,0,38,50,130,3,290.58,318.9,300.9,18.2,19.9,18.8,2015
9,Washington Redskins,16,354,566,4392,30,11,0,38,38,185,1,290.28,318.2,301.2,18.1,19.9,18.8,2015
10,Oakland Raiders,16,403,640,4348,25,14,5,38,37,203,2,288.22,317.2,302.2,18.0,19.8,18.9,2015
11,Detroit Lions,16,360,528,4065,27,9,1,42,47,225,3,285.10,317.1,294.1,17.8,19.8,18.4,2015
12,Pittsburgh Steelers,16,401,623,4664,29,17,1,48,50,153,1,281.96,321.9,298.9,17.6,20.1,18.7,2015
13,Miami Dolphins,16,350,542,4225,31,13,0,31,46,141,0,275.40,303.1,288.1,17.2,18.9,18.0,2015
14,Buffalo Bills,16,346,601,4088,30,17,2,21,47,163,1,272.72,301.7,290.2,17.0,18.9,18.1,2015
15,Indianapolis Colts,16,340,566,4170,28,17,1,35,45,196,2,272.50,307.4,289.4,17.0,19.2,18.1,2015
16,San Francisco 49ers,16,375,548,4375,21,9,3,28,57,149,1,268.50,294.9,276.9,16.8,18.4,17.3,2015
17,New England Patriots,16,361,596,4209,24,12,1,48,38,179,1,257.86,290.9,270.4,16.1,18.2,16.9,2015
18,Minnesota Vikings,16,359,561,4042,24,13,1,43,44,169,2,256.78,278.6,269.6,16.0,17.4,16.9,2015
19,Dallas Cowboys,16,330,506,3861,19,8,1,31,66,230,3,255.94,267.4,263.4,16.0,16.7,16.5,2015
20,0,0,Passing,Passing,Passing,Passing,Passing,0,0,Rushing,Rushing,Rushing,Fantasy,Fantasy,Fantasy,Fantasy per Game,Fantasy per Game,Fantasy per Game,2015
21,Tm,G,Cmp,Att,Yds,TD,Int,2PP,Sk,Att,Yds,TD,FantPt,DKPt,FDPt,FantPt,DKPt,FDPt,2015
22,San Diego Chargers,16,328,510,4008,22,11,2,32,49,188,2,255.12,281.1,266.1,15.9,17.6,16.6,2015
23,St. Louis Rams,16,399,597,4301,21,13,0,41,59,217,1,249.74,279.7,262.7,15.6,17.5,16.4,2015
24,Houston Texans,16,326,553,3677,24,14,0,45,53,203,3,247.78,267.4,261.4,15.5,16.7,16.3,2015
25,Green Bay Packers,16,320,550,3878,20,16,1,43,64,380,1,247.22,270.1,263.1,15.5,16.9,16.4,2015
26,Atlanta Falcons,16,370,560,3999,19,15,0,19,51,189,4,244.86,270.9,259.9,15.3,16.9,16.2,2015
27,New York Jets,16,341,598,3979,23,18,1,39,51,192,2,244.46,282.5,263.0,15.3,17.7,16.4,2015
28,Arizona Cardinals,16,343,573,3957,24,19,2,36,57,266,1,240.88,280.9,259.9,15.1,17.6,16.2,2015
29,Kansas City Chiefs,16,349,607,3988,25,22,1,47,46,277,0,237.22,272.2,259.2,14.8,17.0,16.2,2015
30,Carolina Panthers,16,390,650,4054,21,24,2,44,50,227,2,228.86,268.9,252.9,14.3,16.8,15.8,2015
31,Cincinnati Bengals,16,415,646,4264,18,21,0,42,37,154,1,216.06,249.0,237.0,13.5,15.6,14.8,2015
32,Seattle Seahawks,16,333,547,3619,14,14,2,37,51,197,3,206.46,233.5,220.5,12.9,14.6,13.8,2015
33,Denver Broncos,16,344,573,3544,19,14,0,51,41,194,0,196.56,220.6,211.1,12.3,13.8,13.2,2015
0,Cleveland Browns,16,347,543,4173,36,10,2,26,41,175,0,311.02,336.4,320.4,19.4,21.0,20.0,2016
1,Atlanta Falcons,16,422,654,4495,31,12,2,34,55,212,1,305.30,332.3,317.8,19.1,20.8,19.9,2016
2,Detroit Lions,16,398,548,4126,32,10,2,26,41,161,2,303.94,333.6,314.1,19.0,20.9,19.6,2016
3,Miami Dolphins,16,365,586,4066,30,16,5,32,70,338,2,298.54,330.4,314.4,18.7,20.7,19.7,2016
4,Tennessee Titans,16,385,632,4548,24,12,0,40,42,160,3,295.92,330.9,308.4,18.5,20.7,19.3,2016
5,New Orleans Saints,16,377,580,4550,27,9,3,30,50,143,1,292.30,328.3,301.3,18.3,20.5,18.8,2016
6,Indianapolis Colts,16,378,582,4411,27,8,0,33,41,166,1,283.04,308.0,291.0,17.7,19.3,18.2,2016
7,Green Bay Packers,16,369,570,4593,31,17,0,39,39,121,1,283.02,322.0,300.0,17.7,20.1,18.8,2016
8,Los Angeles Rams,16,377,581,3878,31,10,0,31,55,174,2,282.92,302.9,293.4,17.7,18.9,18.3,2016
9,San Francisco 49ers,16,322,521,4013,30,10,0,33,61,223,0,278.82,300.8,288.8,17.4,18.8,18.1,2016
10,Oakland Raiders,16,328,540,4267,27,16,3,25,35,141,4,278.48,312.5,295.5,17.4,19.5,18.5,2016
11,Chicago Bears,16,342,530,3828,22,8,1,37,58,258,4,276.12,296.8,284.8,17.3,18.6,17.8,2016
12,New York Jets,16,347,544,4077,30,8,1,27,50,88,0,274.08,295.9,281.9,17.1,18.5,17.6,2016
13,Carolina Panthers,16,409,612,4561,27,17,3,47,40,117,1,266.14,305.1,283.1,16.6,19.1,17.7,2016
14,Washington Redskins,16,387,588,4383,22,13,0,38,31,143,3,265.62,304.6,278.6,16.6,19.0,17.4,2016
15,Dallas Cowboys,16,425,631,4376,25,9,0,36,38,135,1,264.54,291.5,273.5,16.5,18.2,17.1,2016
16,Tampa Bay Buccaneers,16,347,548,4246,24,17,1,38,49,250,2,261.04,294.8,277.8,16.3,18.4,17.4,2016
17,San Diego Chargers,16,364,580,4217,21,18,2,35,58,218,4,258.48,295.5,276.5,16.2,18.5,17.3,2016
18,Cincinnati Bengals,16,374,593,3985,22,17,0,33,57,256,3,253.70,288.7,271.2,15.9,18.0,17.0,2016
19,Buffalo Bills,16,306,511,3835,19,12,2,39,60,292,3,252.70,272.6,264.6,15.8,17.0,16.5,2016
20,0,0,Passing,Passing,Passing,Passing,Passing,0,0,Rushing,Rushing,Rushing,Fantasy,Fantasy,Fantasy,Fantasy per Game,Fantasy per Game,Fantasy per Game,2016
21,Tm,G,Cmp,Att,Yds,TD,Int,2PP,Sk,Att,Yds,TD,FantPt,DKPt,FDPt,FantPt,DKPt,FDPt,2016
22,Arizona Cardinals,16,343,545,3735,21,13,1,48,74,348,4,252.40,281.4,266.4,15.8,17.6,16.7,2016
23,New England Patriots,16,367,593,4028,21,13,1,34,37,189,2,250.02,273.0,263.0,15.6,17.1,16.4,2016
24,Kansas City Chiefs,16,350,598,4120,23,18,1,28,57,273,1,248.10,282.1,266.1,15.5,17.6,16.6,2016
25,Baltimore Ravens,16,369,578,3947,28,18,0,31,37,78,2,247.68,277.7,265.7,15.5,17.4,16.6,2016
26,Jacksonville Jaguars,16,345,550,3627,20,7,0,33,52,183,3,243.48,258.4,250.4,15.2,16.2,15.7,2016
27,Philadelphia Eagles,16,332,551,4024,24,16,0,34,49,164,1,243.36,274.9,259.4,15.2,17.2,16.2,2016
28,Minnesota Vikings,16,331,547,3635,21,14,0,41,39,193,3,236.90,259.9,251.4,14.8,16.2,15.7,2016
29,Pittsburgh Steelers,16,380,589,4106,20,13,2,38,32,117,1,233.94,261.9,246.9,14.6,16.4,15.4,2016
30,Seattle Seahawks,16,331,534,3884,16,11,1,42,51,143,3,229.86,251.7,240.7,14.4,15.7,15.0,2016
31,Houston Texans,16,319,522,3424,20,11,1,31,40,186,3,223.56,239.6,234.6,14.0,15.0,14.7,2016
32,New York Giants,16,368,627,4229,15,17,0,35,30,85,0,199.76,227.7,216.7,12.5,14.2,13.5,2016
33,Denver Broncos,16,305,550,3198,12,14,1,42,54,280,4,193.92,214.9,207.9,12.1,13.4,13.0,2016
0,New York Giants,16,346,559,4178,32,12,0,27,51,173,2,298.62,326.4,310.4,18.7,20.4,19.4,2017
1,Houston Texans,16,319,499,3971,30,11,1,32,57,252,3,296.34,331.0,307.0,18.5,20.7,19.2,2017
2,San Francisco 49ers,16,344,544,3943,27,10,2,30,70,237,4,293.62,317.4,303.4,18.4,19.8,19.0,2017
3,New York Jets,16,329,557,3904,30,10,0,28,54,314,2,293.56,310.6,303.6,18.3,19.4,19.0,2017
4,Cleveland Browns,16,360,525,3881,28,7,1,34,58,179,4,291.14,304.1,298.1,18.2,19.0,18.6,2017
5,Green Bay Packers,16,348,513,4041,30,11,1,37,50,204,2,288.04,315.0,299.0,18.0,19.7,18.7,2017
6,New England Patriots,16,367,590,4319,24,12,1,42,51,262,1,278.96,309.0,291.0,17.4,19.3,18.2,2017
7,Oakland Raiders,16,361,530,4046,24,5,0,31,46,151,3,275.14,297.9,279.9,17.2,18.6,17.5,2017
8,Kansas City Chiefs,16,325,569,4131,23,15,1,31,47,247,3,271.94,296.9,286.9,17.0,18.6,17.9,2017
9,Indianapolis Colts,16,319,511,4094,23,13,4,25,55,199,3,271.66,304.7,284.7,17.0,19.0,17.8,2017
10,Atlanta Falcons,16,361,552,3729,22,8,1,39,65,351,3,268.26,283.3,276.3,16.8,17.7,17.3,2017
11,Arizona Cardinals,16,343,564,3796,24,15,0,37,50,242,5,268.14,288.0,283.0,16.8,18.0,17.7,2017
12,Miami Dolphins,16,339,528,3788,26,9,0,30,55,218,2,267.52,287.3,276.3,16.7,18.0,17.3,2017
13,Tampa Bay Buccaneers,16,370,548,4255,21,13,0,22,65,291,2,265.30,295.3,278.3,16.6,18.5,17.4,2017
14,Dallas Cowboys,16,371,559,3746,28,10,2,38,54,212,1,261.04,283.0,271.0,16.3,17.7,16.9,2017
15,Tennessee Titans,16,368,602,4084,27,12,0,43,42,147,1,257.76,287.5,270.0,16.1,18.0,16.9,2017
16,Cincinnati Bengals,16,335,560,3613,20,11,0,41,51,273,3,250.12,261.8,258.8,15.6,16.4,16.2,2017
17,New Orleans Saints,16,329,552,3884,22,20,1,42,48,307,3,250.06,290.1,270.1,15.6,18.1,16.9,2017
18,Carolina Panthers,16,351,550,3969,25,10,1,50,49,219,0,244.66,278.7,254.7,15.3,17.4,15.9,2017
19,Detroit Lions,16,365,569,4110,21,19,1,35,48,178,3,243.20,275.2,262.7,15.2,17.2,16.4,2017
20,0,0,Passing,Passing,Passing,Passing,Passing,0,0,Rushing,Rushing,Rushing,Fantasy,Fantasy,Fantasy,Fantasy per Game,Fantasy per Game,Fantasy per Game,2017
21,Tm,G,Cmp,Att,Yds,TD,Int,2PP,Sk,Att,Yds,TD,FantPt,DKPt,FDPt,FantPt,DKPt,FDPt,2017
22,Denver Broncos,16,294,490,3385,29,9,0,33,48,129,1,242.30,256.3,251.3,15.1,16.0,15.7,2017
23,Washington Redskins,16,305,530,3664,23,16,2,42,61,317,1,242.26,273.3,258.3,15.1,17.1,16.1,2017
24,Philadelphia Eagles,16,363,601,3883,24,19,0,38,47,254,1,234.72,270.7,253.7,14.7,16.9,15.9,2017
25,Pittsburgh Steelers,16,297,497,3610,20,16,1,56,39,171,2,221.50,247.5,237.5,13.8,15.5,14.8,2017
26,Los Angeles Rams,16,324,554,3799,21,17,0,48,42,205,1,220.56,244.5,237.5,13.8,15.3,14.8,2017
27,Chicago Bears,16,343,529,3653,18,8,1,42,48,149,0,211.22,226.0,219.0,13.2,14.1,13.7,2017
28,Seattle Seahawks,16,325,554,3616,19,14,0,39,60,263,0,208.94,236.9,222.9,13.1,14.8,13.9,2017
29,Buffalo Bills,16,370,573,3844,14,18,0,27,50,127,4,206.96,235.5,224.5,12.9,14.7,14.0,2017
30,Los Angeles Chargers,16,329,523,3417,17,18,1,43,46,234,2,196.08,222.1,214.1,12.3,13.9,13.4,2017
31,Minnesota Vikings,16,323,553,3291,12,14,1,37,41,176,3,187.24,209.2,201.2,11.7,13.1,12.6,2017
32,Baltimore Ravens,16,332,568,3680,17,22,0,41,43,176,0,175.10,206.8,196.8,10.9,12.9,12.3,2017
33,Jacksonville Jaguars,16,288,508,3043,17,21,1,55,59,267,1,166.42,198.4,187.4,10.4,12.4,11.7,2017
0,Atlanta Falcons,16,396,582,4372,33,14,0,37,70,387,4,339.48,377.1,353.6,21.2,23.6,22.1,2018
1,New Orleans Saints,16,383,572,4573,29,12,5,49,61,291,5,336.02,370.0,348.0,21.0,23.1,21.8,2018
2,Tampa Bay Buccaneers,16,386,533,4378,33,9,1,38,72,301,2,334.02,367.2,342.7,20.9,23.0,21.4,2018
3,Cincinnati Bengals,16,388,582,4524,32,12,2,34,78,309,3,331.16,365.9,343.9,20.7,22.9,21.5,2018
4,Kansas City Chiefs,16,406,632,4721,30,15,4,52,42,219,4,318.74,358.7,333.7,19.9,22.4,20.9,2018
5,New York Jets,16,366,580,4343,29,13,0,39,62,353,3,317.42,347.0,330.0,19.8,21.7,20.6,2018
6,San Francisco 49ers,16,344,542,3959,35,2,2,37,60,163,0,310.66,326.7,312.7,19.4,20.4,19.5,2018
7,Oakland Raiders,16,298,479,3881,35,14,1,13,63,258,2,303.04,322.0,317.0,18.9,20.1,19.8,2018
8,Miami Dolphins,16,335,507,4141,31,21,1,31,65,383,2,298.74,339.3,319.8,18.7,21.2,20.0,2018
9,Philadelphia Eagles,16,415,622,4602,22,10,1,44,59,261,4,296.28,331.2,306.2,18.5,20.7,19.1,2018
10,Carolina Panthers,16,352,526,4005,31,13,1,35,56,231,2,291.42,322.3,304.3,18.2,20.1,19.0,2018
11,Green Bay Packers,16,333,524,4017,29,7,2,44,58,186,1,284.18,304.2,291.7,17.8,19.0,18.2,2018
12,Washington Redskins,16,362,535,4091,27,15,2,46,66,250,3,281.24,314.7,294.2,17.6,19.7,18.4,2018
13,Cleveland Browns,16,393,626,4370,21,17,2,37,75,323,5,281.20,318.1,298.1,17.6,19.9,18.6,2018
14,Detroit Lions,16,322,495,3889,29,7,2,43,48,119,2,278.26,299.3,285.8,17.4,18.7,17.9,2018
15,New York Giants,16,360,558,4222,23,16,3,30,74,308,2,277.38,306.3,293.8,17.3,19.1,18.4,2018
16,Pittsburgh Steelers,16,362,566,4044,27,8,2,52,42,200,1,277.06,304.1,285.6,17.3,19.0,17.9,2018
17,New England Patriots,16,369,604,4160,29,18,0,30,44,303,1,276.80,311.8,295.3,17.3,19.5,18.5,2018
18,Houston Texans,16,382,591,4375,26,15,1,43,58,271,0,270.10,304.1,285.1,16.9,19.0,17.8,2018
19,Los Angeles Rams,16,346,531,4074,30,18,2,40,46,275,0,266.56,305.5,284.5,16.7,19.1,17.8,2018
20,0,0,Passing,Passing,Passing,Passing,Passing,0,0,Rushing,Rushing,Rushing,Fantasy,Fantasy,Fantasy,Fantasy per Game,Fantasy per Game,Fantasy per Game,2018
21,Tm,G,Cmp,Att,Yds,TD,Int,2PP,Sk,Att,Yds,TD,FantPt,DKPt,FDPt,FantPt,DKPt,FDPt,2018
22,Seattle Seahawks,16,355,546,4103,26,12,0,43,41,216,0,255.72,291.7,267.7,16.0,18.2,16.7,2018
23,Indianapolis Colts,16,383,541,4029,21,15,0,38,47,182,4,254.66,285.7,270.7,15.9,17.9,16.9,2018
24,Dallas Cowboys,16,367,542,3984,22,9,1,39,72,247,2,254.06,285.1,263.1,15.9,17.8,16.4,2018
25,Jacksonville Jaguars,16,312,499,3354,17,11,0,37,92,471,5,253.66,273.7,265.2,15.9,17.1,16.6,2018
26,Los Angeles Chargers,16,350,547,3874,23,13,1,38,62,241,0,243.06,261.1,256.1,15.2,16.3,16.0,2018
27,Denver Broncos,16,352,547,4238,25,17,0,44,47,92,1,242.92,277.7,257.7,15.2,17.4,16.1,2018
28,Tennessee Titans,16,336,529,3713,21,11,0,39,58,266,2,242.10,266.7,253.2,15.1,16.7,15.8,2018
29,Arizona Cardinals,16,341,505,3567,20,7,1,49,52,157,4,238.48,258.3,245.8,14.9,16.1,15.4,2018
30,Baltimore Ravens,16,337,575,3651,21,12,1,43,45,195,2,233.74,257.5,245.5,14.6,16.1,15.3,2018
31,Minnesota Vikings,16,314,501,3457,15,12,4,50,57,250,3,219.28,243.3,231.3,13.7,15.2,14.5,2018
32,Chicago Bears,16,375,613,3798,21,27,3,50,30,185,1,206.42,239.4,233.4,12.9,15.0,14.6,2018
33,Buffalo Bills,16,312,490,3081,21,16,0,36,56,156,0,188.34,212.1,203.6,11.8,13.3,12.7,2018
0,Arizona Cardinals,16,421,601,4785,38,7,0,40,53,283,0,363.08,403.0,370.5,22.7,25.2,23.2,2019
1,Miami Dolphins,16,344,545,4353,39,13,2,23,41,128,3,341.02,369.9,353.9,21.3,23.1,22.1,2019
2,New York Giants,16,368,555,4460,30,10,0,36,70,226,6,331.40,362.0,341.0,20.7,22.6,21.3,2019
3,Houston Texans,16,374,583,4493,33,12,1,30,52,291,3,325.72,371.7,338.2,20.4,23.2,21.1,2019
4,Detroit Lions,16,380,609,4733,33,7,1,28,55,202,0,325.72,358.5,332.5,20.4,22.4,20.8,2019
5,Oakland Raiders,16,337,526,4355,33,9,0,32,60,250,3,324.00,351.2,332.2,20.3,22.0,20.8,2019
6,Cincinnati Bengals,16,304,495,4074,25,11,2,31,93,489,5,323.96,343.9,334.9,20.2,21.5,20.9,2019
7,Atlanta Falcons,16,349,534,4107,28,12,1,28,67,278,5,319.58,350.6,333.1,20.0,21.9,20.8,2019
8,Washington Redskins,16,371,539,4093,35,13,0,46,60,302,2,311.92,340.9,324.9,19.5,21.3,20.3,2019
9,Tampa Bay Buccaneers,16,406,662,4608,30,12,5,47,52,209,2,307.42,349.4,319.9,19.2,21.8,20.0,2019
10,Indianapolis Colts,16,393,561,4219,29,15,1,41,51,168,2,292.06,328.8,307.8,18.3,20.6,19.2,2019
11,Cleveland Browns,16,317,512,3714,25,14,0,38,90,413,5,288.06,306.9,301.9,18.0,19.2,18.9,2019
12,New Orleans Saints,16,370,602,4166,26,13,1,51,40,215,4,286.14,314.1,299.1,17.9,19.6,18.7,2019
13,Jacksonville Jaguars,16,327,516,4088,22,10,1,47,63,244,5,280.22,308.9,289.9,17.5,19.3,18.1,2019
14,Tennessee Titans,16,386,597,4356,25,14,2,43,61,251,1,275.44,310.4,290.4,17.2,19.4,18.2,2019
15,New York Jets,16,363,585,4001,25,12,2,35,73,264,2,266.84,293.4,278.4,16.7,18.3,17.4,2019
16,Carolina Panthers,16,346,541,3994,21,12,1,53,59,221,3,265.26,302.6,278.1,16.6,18.9,17.4,2019
17,Seattle Seahawks,16,383,596,4407,19,16,3,28,58,347,3,263.48,303.5,280.0,16.5,19.0,17.5,2019
18,Philadelphia Eagles,16,346,569,4120,25,11,1,43,43,214,1,260.20,295.2,271.2,16.3,18.5,17.0,2019
19,Dallas Cowboys,16,368,567,3846,20,7,1,39,70,296,3,257.44,279.4,264.4,16.1,17.5,16.5,2019
20,0,0,Passing,Passing,Passing,Passing,Passing,0,0,Rushing,Rushing,Rushing,Fantasy,Fantasy,Fantasy,Fantasy per Game,Fantasy per Game,Fantasy per Game,2019
21,Tm,G,Cmp,Att,Yds,TD,Int,2PP,Sk,Att,Yds,TD,FantPt,DKPt,FDPt,FantPt,DKPt,FDPt,2019
22,Kansas City Chiefs,16,351,581,3846,21,16,2,44,53,265,4,256.34,281.3,272.3,16.0,17.6,17.0,2019
23,Los Angeles Rams,16,348,562,3928,23,13,0,50,60,216,2,247.92,277.9,262.4,15.5,17.4,16.4,2019
24,San Francisco 49ers,16,317,518,3054,23,12,2,48,73,380,3,243.36,272.4,255.9,15.2,17.0,16.0,2019
25,Denver Broncos,16,348,537,3822,19,10,1,40,41,187,2,237.58,258.6,247.6,14.8,16.2,15.5,2019
26,Minnesota Vikings,16,393,598,4061,23,16,1,48,26,92,0,225.64,260.6,241.6,14.1,16.3,15.1,2019
27,Los Angeles Chargers,16,326,462,3374,21,11,0,29,59,221,1,221.36,241.1,232.1,13.8,15.1,14.5,2019
28,Chicago Bears,16,362,571,3796,17,10,1,32,39,167,1,219.64,243.5,230.5,13.7,15.2,14.4,2019
29,Green Bay Packers,16,325,544,3997,18,17,0,41,43,143,0,212.08,243.1,229.6,13.3,15.2,14.4,2019
30,Pittsburgh Steelers,16,313,512,3423,23,19,0,54,71,225,2,205.52,243.4,224.4,12.8,15.2,14.0,2019
31,Buffalo Bills,16,348,553,3421,15,14,3,43,56,155,2,200.34,221.3,214.3,12.5,13.8,13.4,2019
32,Baltimore Ravens,16,317,541,3579,15,12,3,36,35,132,1,192.36,219.4,204.4,12.0,13.7,12.8,2019
33,New England Patriots,16,301,532,3188,12,25,0,47,58,224,4,174.52,205.5,200.0,10.9,12.8,12.5,2019
0,Detroit Lions,16,383,555,4753,38,7,2,24,60,160,6,378.72,406.3,386.8,23.7,25.4,24.2,2020
1,Atlanta Falcons,16,425,623,4918,34,11,2,29,65,344,6,373.22,417.1,384.1,23.3,26.1,24.0,2020
2,New York Jets,16,416,603,4563,33,10,0,31,81,288,5,351.22,385.2,361.7,22.0,24.1,22.6,2020
3,Jacksonville Jaguars,16,370,533,4322,34,12,1,18,79,310,5,346.48,377.9,358.4,21.7,23.6,22.4,2020
4,Tennessee Titans,16,422,628,4587,36,15,1,19,59,226,3,338.98,373.7,354.2,21.2,23.4,22.1,2020
5,Houston Texans,16,377,539,4325,30,3,3,33,58,160,3,323.10,343.0,326.0,20.2,21.4,20.4,2020
6,Las Vegas Raiders,16,369,579,4337,28,10,4,21,60,215,5,321.58,354.0,331.0,20.1,22.1,20.7,2020
7,Cleveland Browns,16,369,582,4165,30,11,1,38,75,380,3,318.60,351.6,329.6,19.9,22.0,20.6,2020
8,Seattle Seahawks,16,450,674,4811,23,14,2,46,81,333,5,315.74,354.7,329.7,19.7,22.2,20.6,2020
9,Denver Broncos,16,372,564,4051,21,10,1,42,69,378,8,315.44,338.4,325.9,19.7,21.2,20.4,2020
10,Los Angeles Chargers,16,338,541,3656,27,12,2,27,80,342,8,312.44,335.4,324.4,19.5,21.0,20.3,2020
11,Kansas City Chiefs,16,348,555,3940,29,16,1,32,64,279,7,309.50,348.5,325.5,19.3,21.8,20.3,2020
12,Carolina Panthers,16,398,585,4024,28,7,1,29,61,255,6,309.06,336.0,316.5,19.3,21.0,19.8,2020
13,Dallas Cowboys,16,326,510,3755,33,10,3,31,78,366,2,302.80,331.8,312.8,18.9,20.7,19.6,2020
14,Philadelphia Eagles,16,363,529,4096,27,8,0,49,79,408,3,300.64,327.6,308.6,18.8,20.5,19.3,2020
15,Arizona Cardinals,16,364,569,3937,25,11,0,47,78,453,3,297.98,323.0,309.5,18.6,20.2,19.3,2020
16,Buffalo Bills,16,368,572,3914,23,15,5,38,63,327,7,293.26,334.3,308.3,18.3,20.9,19.3,2020
17,Cincinnati Bengals,16,339,539,3923,32,11,0,17,72,275,1,292.52,317.4,303.4,18.3,19.8,19.0,2020
18,Tampa Bay Buccaneers,16,425,615,4293,29,15,1,47,51,262,2,291.42,325.4,307.4,18.2,20.3,19.2,2020
19,Minnesota Vikings,16,358,541,4267,30,15,1,22,58,185,1,284.98,319.8,301.3,17.8,20.0,18.8,2020
20,0,0,Passing,Passing,Passing,Passing,Passing,0,0,Rushing,Rushing,Rushing,Fantasy,Fantasy,Fantasy,Fantasy per Game,Fantasy per Game,Fantasy per Game,2020
21,Tm,G,Cmp,Att,Yds,TD,Int,2PP,Sk,Att,Yds,TD,FantPt,DKPt,FDPt,FantPt,DKPt,FDPt,2020
22,Chicago Bears,16,350,547,3939,28,10,0,35,56,208,0,277.36,293.4,288.4,17.3,18.3,18.0,2020
23,Miami Dolphins,16,343,544,4373,21,18,0,41,69,317,5,274.62,315.6,292.6,17.2,19.7,18.3,2020
24,Indianapolis Colts,16,367,560,4080,24,15,0,40,60,221,5,271.80,312.3,286.3,17.0,19.5,17.9,2020
25,Baltimore Ravens,16,378,594,3772,21,10,3,39,50,225,5,269.68,292.7,280.2,16.9,18.3,17.5,2020
26,San Francisco 49ers,16,340,535,3514,25,12,1,30,96,452,2,267.86,292.8,279.8,16.7,18.3,17.5,2020
27,New England Patriots,16,332,493,3709,22,18,1,24,73,298,5,260.16,286.2,278.2,16.3,17.9,17.4,2020
28,New York Giants,16,387,573,4119,21,11,0,40,81,293,1,259.26,285.2,270.7,16.2,17.8,16.9,2020
29,Green Bay Packers,16,346,536,3793,23,11,2,41,46,268,2,256.62,275.6,268.1,16.0,17.2,16.8,2020
30,New Orleans Saints,16,333,557,3759,28,18,2,45,54,249,1,253.36,278.3,271.3,15.8,17.4,17.0,2020
31,Washington Football Team,16,328,527,3363,21,16,1,46,69,373,6,251.82,278.8,267.8,15.7,17.4,16.7,2020
32,Pittsburgh Steelers,16,298,525,3494,22,18,2,56,66,350,1,226.76,249.8,244.8,14.2,15.6,15.3,2020
33,Los Angeles Rams,16,347,548,3401,17,14,0,53,57,242,4,216.24,237.2,230.2,13.5,14.8,14.4,2020
