,Team,Games,Rush Att,Rush Yds,Rush TD,Rec Tgt,Rec,Rec Yds,Rec TD,Fpts,DK Fpts,FD Fpts,Fpts/Game,DK Fpts/Game,FD Fpts/Game,Season
0,Seattle Seahawks,16,427,2124,17,143,104,925,4,423.20,563.9,472.9,26.5,35.2,29.6,2002
1,Arizona Cardinals,16,426,1926,16,131,95,813,4,386.00,502.9,433.4,24.1,31.4,27.1,2002
2,New York Jets,16,371,1741,17,146,112,885,2,376.60,506.6,432.6,23.5,31.7,27.0,2002
3,Kansas City Chiefs,16,374,1770,16,132,109,783,5,375.40,510.3,429.8,23.5,31.9,26.9,2002
4,Detroit Lions,16,423,1687,17,128,102,877,4,368.60,486.4,419.4,23.0,30.4,26.2,2002
5,Chicago Bears,16,430,1775,9,141,102,910,6,346.50,472.5,397.5,21.7,29.5,24.8,2002
6,Indianapolis Colts,16,385,1663,15,113,85,665,5,344.80,439.8,387.3,21.6,27.5,24.2,2002
7,New England Patriots,16,400,1814,12,132,93,639,4,332.38,454.4,378.9,20.8,28.4,23.7,2002
8,Buffalo Bills,16,383,1813,13,95,66,485,3,330.00,420.0,363.0,20.6,26.3,22.7,2002
9,Denver Broncos,16,331,1309,19,158,124,795,1,322.50,459.4,384.4,20.2,28.7,24.0,2002
10,New Orleans Saints,16,372,1543,11,139,98,980,4,322.30,446.3,371.3,20.1,27.9,23.2,2002
11,Minnesota Vikings,16,339,1326,13,123,88,735,5,314.10,417.1,364.1,19.6,26.1,22.8,2002
12,Cleveland Browns,16,403,1789,11,121,92,692,1,310.10,431.1,357.1,19.4,26.9,22.3,2002
13,Houston Texans,16,429,1834,13,81,54,416,2,309.60,381.0,336.0,19.4,23.8,21.0,2002
14,Baltimore Ravens,16,404,1606,15,130,89,584,0,305.00,411.0,349.5,19.1,25.7,21.8,2002
15,Washington Redskins,16,382,1513,9,123,95,632,6,304.50,406.5,352.0,19.0,25.4,22.0,2002
16,St. Louis Rams,16,364,1551,12,116,93,686,1,299.90,405.7,346.2,18.7,25.4,21.6,2002
17,San Diego Chargers,16,321,1253,12,125,95,782,5,297.90,408.5,345.0,18.6,25.5,21.6,2002
18,San Francisco 49ers,16,334,1354,11,136,102,687,5,296.40,409.1,353.1,18.5,25.6,22.1,2002
19,Cincinnati Bengals,16,427,1647,14,80,60,446,1,293.30,373.3,323.3,18.3,23.3,20.2,2002
20,0,0,Rushing,Rushing,Rushing,Receiving,Receiving,Receiving,Receiving,Fantasy,Fantasy,Fantasy,Fantasy per Game,Fantasy per Game,Fantasy per Game,2002
21,Tm,G,Att,Yds,TD,Tgt,Rec,Yds,TD,FantPt,DKPt,FDPt,FantPt,DKPt,FDPt,2002
22,Atlanta Falcons,16,369,1606,11,106,72,596,3,292.70,385.2,328.2,18.3,24.1,20.5,2002
23,Oakland Raiders,16,324,1255,11,107,80,622,6,283.70,384.7,329.7,17.7,24.0,20.6,2002
24,Green Bay Packers,16,335,1608,9,103,62,519,3,273.30,352.7,303.7,17.1,22.0,19.0,2002
25,Miami Dolphins,16,333,1267,7,140,88,839,3,268.60,366.6,312.6,16.8,22.9,19.5,2002
26,Pittsburgh Steelers,16,302,1190,14,87,61,482,2,267.90,341.2,297.7,16.7,21.3,18.6,2002
27,Jacksonville Jaguars,16,383,1528,9,110,81,614,1,266.30,364.2,306.7,16.6,22.8,19.2,2002
28,New York Giants,16,334,1309,9,111,77,602,2,253.20,339.1,291.6,15.8,21.2,18.2,2002
29,Dallas Cowboys,16,398,1438,8,121,83,606,1,250.80,343.4,291.9,15.7,21.5,18.2,2002
30,Carolina Panthers,16,382,1259,9,115,85,626,1,242.50,333.5,285.0,15.2,20.8,17.8,2002
31,Tampa Bay Buccaneers,16,352,1413,6,129,88,669,0,240.20,339.2,284.2,15.0,21.2,17.8,2002
32,Philadelphia Eagles,16,334,1402,5,146,102,728,2,233.00,356.0,284.0,14.6,22.3,17.8,2002
33,Tennessee Titans,16,304,1094,4,112,89,649,5,218.90,317.3,264.8,13.7,19.8,16.6,2002
0,Atlanta Falcons,16,442,2134,20,109,84,663,2,406.00,516.7,445.7,25.4,32.3,27.9,2003
1,Oakland Raiders,16,448,2129,17,114,87,729,2,400.64,520.6,444.1,25.0,32.5,27.8,2003
2,Kansas City Chiefs,16,390,2008,17,121,94,746,4,391.90,517.4,438.4,24.5,32.3,27.4,2003
3,Cincinnati Bengals,16,405,1975,17,94,72,598,4,375.80,472.3,411.3,23.5,29.5,25.7,2003
4,New Orleans Saints,16,422,2001,11,115,72,648,7,375.10,472.9,410.9,23.4,29.6,25.7,2003
5,San Diego Chargers,16,450,1938,12,105,81,702,5,366.20,474.0,406.5,22.9,29.6,25.4,2003
6,Houston Texans,16,456,2113,14,101,76,682,1,364.78,467.8,402.8,22.8,29.2,25.2,2003
7,Washington Redskins,16,428,1918,13,104,72,666,4,348.40,447.4,384.4,21.8,28.0,24.0,2003
8,Minnesota Vikings,16,341,1560,19,121,89,747,2,346.70,455.7,391.2,21.7,28.5,24.5,2003
9,New York Jets,16,490,2108,14,103,75,534,1,346.20,449.2,383.7,21.6,28.1,24.0,2003
10,Cleveland Browns,16,407,1955,14,121,80,618,0,339.50,438.3,379.3,21.2,27.4,23.7,2003
11,Arizona Cardinals,16,411,1672,11,114,86,763,5,330.10,435.5,372.5,20.6,27.2,23.3,2003
12,Chicago Bears,16,387,1682,12,119,88,679,3,324.30,434.1,368.1,20.3,27.1,23.0,2003
13,Philadelphia Eagles,16,400,1867,9,120,94,629,3,321.08,437.1,368.1,20.1,27.3,23.0,2003
14,Indianapolis Colts,16,390,1784,14,97,75,524,1,314.80,414.8,352.3,19.7,25.9,22.0,2003
15,Detroit Lions,16,378,1522,10,121,93,778,5,314.60,422.0,360.5,19.7,26.4,22.5,2003
16,New York Giants,16,416,1625,10,112,75,612,3,303.90,389.7,341.2,19.0,24.4,21.3,2003
17,San Francisco 49ers,16,367,1508,12,100,76,574,1,288.20,375.2,326.2,18.0,23.5,20.4,2003
18,St. Louis Rams,16,363,1619,9,122,87,630,3,282.90,394.9,332.4,17.7,24.7,20.8,2003
19,Tennessee Titans,16,305,1158,10,150,110,878,4,279.80,402.6,334.6,17.5,25.2,20.9,2003
20,0,0,Rushing,Rushing,Rushing,Receiving,Receiving,Receiving,Receiving,Fantasy,Fantasy,Fantasy,Fantasy per Game,Fantasy per Game,Fantasy per Game,2003
21,Tm,G,Att,Yds,TD,Tgt,Rec,Yds,TD,FantPt,DKPt,FDPt,FantPt,DKPt,FDPt,2003
22,Pittsburgh Steelers,16,391,1527,13,92,70,465,1,271.60,359.2,306.2,17.0,22.5,19.1,2003
23,Green Bay Packers,16,336,1398,6,127,87,593,4,257.50,357.1,300.6,16.1,22.3,18.8,2003
24,Denver Broncos,16,317,1394,9,118,84,541,2,255.50,348.5,297.5,16.0,21.8,18.6,2003
25,Seattle Seahawks,16,387,1465,7,102,76,468,2,241.40,331.3,277.3,15.1,20.7,17.3,2003
26,Miami Dolphins,16,383,1250,9,116,78,585,2,239.50,322.5,279.5,15.0,20.2,17.5,2003
27,Buffalo Bills,16,396,1460,9,106,73,411,0,239.10,325.1,277.6,14.9,20.3,17.4,2003
28,Jacksonville Jaguars,16,391,1224,11,124,84,569,1,237.50,331.3,280.3,14.8,20.7,17.5,2003
29,Dallas Cowboys,16,364,1302,5,99,67,540,4,230.50,311.2,263.7,14.4,19.5,16.5,2003
30,Tampa Bay Buccaneers,16,401,1500,5,100,68,444,1,224.50,310.4,258.4,14.0,19.4,16.2,2003
31,New England Patriots,16,348,1194,6,129,93,669,1,222.80,321.3,268.8,13.9,20.1,16.8,2003
32,Baltimore Ravens,16,401,1340,6,116,76,506,0,212.60,298.6,250.6,13.3,18.7,15.7,2003
33,Carolina Panthers,16,367,1329,7,105,73,461,0,211.00,298.0,247.5,13.2,18.6,15.5,2003
0,Green Bay Packers,16,351,1613,12,120,90,770,12,380.30,492.3,425.3,23.8,30.8,26.6,2004
1,New Orleans Saints,16,431,2001,14,119,87,750,4,373.94,491.9,417.4,23.4,30.7,26.1,2004
2,Oakland Raiders,16,479,1771,19,94,63,580,5,373.40,460.1,404.6,23.3,28.8,25.3,2004
3,Carolina Panthers,16,406,1675,18,112,78,633,5,360.90,460.8,399.8,22.6,28.8,25.0,2004
4,New York Giants,16,429,1873,12,107,78,691,6,356.40,456.4,395.4,22.3,28.5,24.7,2004
5,San Francisco 49ers,16,437,1806,21,90,69,457,2,354.40,452.3,388.8,22.2,28.3,24.3,2004
6,Cleveland Browns,16,458,1961,20,94,56,361,1,350.20,434.2,378.2,21.9,27.1,23.6,2004
7,Tennessee Titans,16,366,1754,17,117,89,637,2,349.20,461.1,393.6,21.8,28.8,24.6,2004
8,Indianapolis Colts,16,392,1889,10,126,105,941,2,349.00,474.0,399.5,21.8,29.6,25.0,2004
9,Cincinnati Bengals,16,417,1945,10,118,88,661,6,346.80,469.6,390.6,21.7,29.4,24.4,2004
10,Minnesota Vikings,16,390,1771,12,117,84,705,5,343.60,454.6,385.6,21.5,28.4,24.1,2004
11,Detroit Lions,16,440,1655,8,152,116,866,5,337.50,469.5,395.5,21.1,29.3,24.7,2004
12,Kansas City Chiefs,16,326,1528,15,109,83,836,3,334.80,441.4,381.9,20.9,27.6,23.9,2004
13,Dallas Cowboys,16,374,1553,13,111,87,723,3,326.12,419.9,369.4,20.4,26.2,23.1,2004
14,St. Louis Rams,16,403,1859,11,104,78,636,2,324.30,427.5,362.5,20.3,26.7,22.7,2004
15,Seattle Seahawks,16,387,1726,15,113,83,588,0,319.00,423.4,358.9,19.9,26.5,22.4,2004
16,Philadelphia Eagles,16,397,1713,11,138,98,707,2,314.00,427.0,363.0,19.6,26.7,22.7,2004
17,Atlanta Falcons,16,390,1553,17,102,81,632,0,312.50,409.5,353.0,19.5,25.6,22.1,2004
18,Chicago Bears,16,434,1901,8,114,80,734,2,309.50,420.5,349.5,19.3,26.3,21.8,2004
19,Arizona Cardinals,16,384,1854,12,98,62,521,1,305.50,400.5,336.5,19.1,25.0,21.0,2004
20,0,0,Rushing,Rushing,Rushing,Receiving,Receiving,Receiving,Receiving,Fantasy,Fantasy,Fantasy,Fantasy per Game,Fantasy per Game,Fantasy per Game,2004
21,Tm,G,Att,Yds,TD,Tgt,Rec,Yds,TD,FantPt,DKPt,FDPt,FantPt,DKPt,FDPt,2004
22,San Diego Chargers,16,313,1175,13,151,106,870,3,302.50,420.5,355.5,18.9,26.3,22.2,2004
23,Miami Dolphins,16,474,2024,10,86,55,363,2,296.70,385.7,324.2,18.5,24.1,20.3,2004
24,Jacksonville Jaguars,16,385,1591,6,118,86,714,1,268.50,368.5,311.5,16.8,23.0,19.5,2004
25,Tampa Bay Buccaneers,16,423,1702,8,105,76,480,0,266.20,363.2,304.2,16.6,22.7,19.0,2004
26,Washington Redskins,16,375,1192,7,113,78,716,3,259.84,348.8,298.8,16.2,21.8,18.7,2004
27,Houston Texans,16,355,1585,4,110,82,537,3,252.80,356.2,293.2,15.8,22.3,18.3,2004
28,New York Jets,16,389,1428,7,103,71,584,1,245.70,327.6,281.1,15.4,20.5,17.6,2004
29,Denver Broncos,16,343,1315,14,89,63,295,0,240.72,318.5,272.0,15.0,19.9,17.0,2004
30,Baltimore Ravens,16,420,1514,8,79,50,308,0,226.20,290.2,249.2,14.1,18.1,15.6,2004
31,New England Patriots,16,355,1332,7,85,69,511,1,220.30,305.3,254.8,13.8,19.1,15.9,2004
32,Pittsburgh Steelers,16,312,1064,8,109,71,510,2,211.70,288.4,246.9,13.2,18.0,15.4,2004
33,Buffalo Bills,16,405,1495,6,95,58,299,0,205.90,277.4,234.4,12.9,17.3,14.7,2004
0,Atlanta Falcons,16,392,1909,17,113,82,560,5,374.90,482.9,415.9,23.4,30.2,26.0,2005
1,San Francisco 49ers,16,429,1716,17,117,86,714,5,371.00,478.0,414.0,23.2,29.9,25.9,2005
2,St. Louis Rams,16,402,1963,21,91,66,450,2,369.30,464.3,402.3,23.1,29.0,25.1,2005
3,Houston Texans,16,439,2051,17,85,62,482,1,353.30,449.3,384.3,22.1,28.1,24.0,2005
4,Oakland Raiders,16,423,1744,15,113,79,754,3,351.96,448.0,391.5,22.0,28.0,24.5,2005
5,Detroit Lions,16,443,1869,14,110,80,617,4,347.60,453.6,386.6,21.7,28.4,24.2,2005
6,Buffalo Bills,16,398,1824,15,97,79,556,2,334.00,434.0,373.5,20.9,27.1,23.3,2005
7,Cleveland Browns,16,473,2076,9,99,76,529,3,331.40,428.5,368.5,20.7,26.8,23.0,2005
8,New York Jets,16,466,1874,14,97,62,464,1,321.80,399.8,352.8,20.1,25.0,22.1,2005
9,Tennessee Titans,16,385,1699,9,101,81,655,5,318.20,424.4,357.9,19.9,26.5,22.4,2005
10,New Orleans Saints,16,436,1891,11,89,69,492,2,316.30,394.3,350.8,19.8,24.6,21.9,2005
11,Green Bay Packers,16,443,1748,8,101,74,619,4,301.10,393.7,337.7,18.8,24.6,21.1,2005
12,Philadelphia Eagles,16,427,1566,11,107,65,540,5,301.00,386.6,333.1,18.8,24.2,20.8,2005
13,Arizona Cardinals,16,368,1499,18,80,58,461,0,296.80,377.0,331.0,18.6,23.6,20.7,2005
14,Dallas Cowboys,16,363,1522,12,108,72,555,3,291.70,378.7,327.7,18.2,23.7,20.5,2005
15,Washington Redskins,16,359,1528,14,112,72,513,1,290.10,377.1,326.1,18.1,23.6,20.4,2005
16,Cincinnati Bengals,16,373,1657,13,83,68,416,2,289.30,377.3,323.3,18.1,23.6,20.2,2005
17,Minnesota Vikings,16,405,1590,11,106,81,671,0,286.86,380.7,327.2,17.9,23.8,20.5,2005
18,Tampa Bay Buccaneers,16,383,1256,10,117,86,609,4,278.60,369.5,319.5,17.4,23.1,20.0,2005
19,Chicago Bears,16,386,1531,8,143,100,732,1,274.50,386.3,324.3,17.2,24.1,20.3,2005
20,0,0,Rushing,Rushing,Rushing,Receiving,Receiving,Receiving,Receiving,Fantasy,Fantasy,Fantasy,Fantasy per Game,Fantasy per Game,Fantasy per Game,2005
21,Tm,G,Att,Yds,TD,Tgt,Rec,Yds,TD,FantPt,DKPt,FDPt,FantPt,DKPt,FDPt,2005
22,New York Giants,16,359,1349,10,128,90,625,3,273.32,390.1,324.1,17.1,24.4,20.3,2005
23,Miami Dolphins,16,416,1557,9,99,67,461,3,269.80,345.8,303.3,16.9,21.6,19.0,2005
24,Baltimore Ravens,16,380,1493,8,100,66,488,4,266.50,346.1,299.1,16.7,21.6,18.7,2005
25,New England Patriots,16,379,1413,10,92,63,516,2,262.90,344.9,294.4,16.4,21.6,18.4,2005
26,San Diego Chargers,16,321,1156,13,103,72,574,3,261.20,340.0,297.0,16.3,21.3,18.6,2005
27,Indianapolis Colts,16,354,1573,8,100,75,507,1,260.50,343.0,297.5,16.3,21.4,18.6,2005
28,Pittsburgh Steelers,16,362,1239,9,111,79,714,3,251.30,341.3,290.8,15.7,21.3,18.2,2005
29,Denver Broncos,16,310,1193,9,107,81,637,3,247.30,338.0,287.5,15.5,21.1,18.0,2005
30,Kansas City Chiefs,16,299,1227,6,102,78,614,1,231.28,313.8,269.8,14.5,19.6,16.9,2005
31,Seattle Seahawks,16,364,1268,5,128,86,680,1,228.90,318.8,271.8,14.3,19.9,17.0,2005
32,Jacksonville Jaguars,16,370,1443,4,91,67,487,2,227.90,301.0,260.5,14.2,18.8,16.3,2005
33,Carolina Panthers,16,366,1279,9,111,77,499,0,221.80,312.8,260.3,13.9,19.6,16.3,2005
0,St. Louis Rams,16,438,2157,20,82,61,532,2,386.90,484.9,417.4,24.2,30.3,26.1,2006
1,San Francisco 49ers,16,429,1858,18,124,96,786,2,380.40,502.4,428.4,23.8,31.4,26.8,2006
2,Tennessee Titans,16,407,1828,17,115,92,635,1,350.30,456.3,396.3,21.9,28.5,24.8,2006
3,Indianapolis Colts,16,412,2111,14,94,72,502,1,347.30,445.3,383.3,21.7,27.8,24.0,2006
4,Cleveland Browns,16,452,2137,13,80,56,418,3,343.50,427.5,371.5,21.5,26.7,23.2,2006
5,Denver Broncos,16,408,1704,13,111,83,814,3,340.00,447.8,381.3,21.3,28.0,23.8,2006
6,Oakland Raiders,16,462,1882,14,82,63,441,3,335.16,427.1,366.6,20.9,26.7,22.9,2006
7,Washington Redskins,16,424,2025,9,82,54,633,3,333.90,414.8,360.8,20.9,25.9,22.6,2006
8,Arizona Cardinals,16,403,1706,15,107,82,723,2,333.40,435.9,373.9,20.8,27.2,23.4,2006
9,Buffalo Bills,16,395,1877,12,123,92,649,1,326.60,438.6,372.6,20.4,27.4,23.3,2006
10,Detroit Lions,16,412,1739,15,116,97,687,1,324.60,440.6,373.1,20.3,27.5,23.3,2006
11,Cincinnati Bengals,16,386,1552,14,122,92,790,2,324.30,431.2,370.2,20.3,27.0,23.1,2006
12,Philadelphia Eagles,16,408,1762,11,134,101,703,2,320.60,441.5,371.0,20.0,27.6,23.2,2006
13,Green Bay Packers,16,383,1605,10,125,92,902,2,320.54,425.5,366.5,20.0,26.6,22.9,2006
14,Seattle Seahawks,16,397,1877,10,123,86,569,2,315.50,425.2,358.2,19.7,26.6,22.4,2006
15,Houston Texans,16,373,1642,12,94,82,715,3,313.90,413.7,354.7,19.6,25.9,22.2,2006
16,Tampa Bay Buccaneers,16,429,1683,9,97,77,585,5,310.90,402.8,349.3,19.4,25.2,21.8,2006
17,New York Jets,16,400,1867,10,94,70,507,2,309.40,405.4,344.4,19.3,25.3,21.5,2006
18,Kansas City Chiefs,16,391,1635,11,104,78,618,2,294.04,387.3,332.3,18.4,24.2,20.8,2006
19,New York Giants,16,386,1434,14,125,83,599,2,281.70,388.3,328.8,17.6,24.3,20.6,2006
20,0,0,Rushing,Rushing,Rushing,Receiving,Receiving,Receiving,Receiving,Fantasy,Fantasy,Fantasy,Fantasy per Game,Fantasy per Game,Fantasy per Game,2006
21,Tm,G,Att,Yds,TD,Tgt,Rec,Yds,TD,FantPt,DKPt,FDPt,FantPt,DKPt,FDPt,2006
22,Dallas Cowboys,16,338,1276,8,123,86,784,5,274.60,380.0,323.0,17.2,23.8,20.2,2006
23,San Diego Chargers,16,342,1386,13,101,67,475,2,272.10,350.1,305.6,17.0,21.9,19.1,2006
24,Carolina Panthers,16,387,1533,8,110,78,480,3,259.30,359.3,298.3,16.2,22.5,18.6,2006
25,Atlanta Falcons,16,378,1364,13,113,79,498,0,256.50,348.2,295.7,16.0,21.8,18.5,2006
26,New England Patriots,16,344,1351,10,85,55,551,0,252.20,321.2,279.7,15.8,20.1,17.5,2006
27,New Orleans Saints,16,354,1627,7,95,69,421,1,246.90,339.8,281.3,15.4,21.2,17.6,2006
28,Chicago Bears,16,365,1530,6,129,94,646,1,245.80,358.6,292.6,15.4,22.4,18.3,2006
29,Jacksonville Jaguars,16,336,1165,12,110,77,475,0,236.20,319.0,274.5,14.8,19.9,17.2,2006
30,Pittsburgh Steelers,16,353,1170,8,107,79,539,0,219.10,300.9,258.4,13.7,18.8,16.2,2006
31,Minnesota Vikings,16,306,909,8,119,81,547,3,215.60,300.6,256.1,13.5,18.8,16.0,2006
32,Miami Dolphins,16,408,1417,4,86,56,412,1,204.90,273.9,232.9,12.8,17.1,14.6,2006
33,Baltimore Ravens,16,318,1037,2,87,53,371,0,140.80,205.8,168.3,8.8,12.9,10.5,2006
0,Detroit Lions,16,345,1610,16,157,120,1023,5,385.30,525.3,445.3,24.1,32.8,27.8,2007
1,Chicago Bears,16,411,1862,17,127,92,820,3,382.88,501.9,428.9,23.9,31.4,26.8,2007
2,Oakland Raiders,16,383,1944,19,101,66,475,2,366.30,460.9,398.9,22.9,28.8,24.9,2007
3,New York Jets,16,469,2030,14,92,68,506,3,355.60,451.6,389.6,22.2,28.2,24.4,2007
4,Atlanta Falcons,16,421,1869,12,111,88,587,4,337.60,440.6,381.6,21.1,27.5,23.9,2007
5,Buffalo Bills,16,388,1806,12,100,76,607,1,319.80,422.3,357.3,20.0,26.4,22.3,2007
6,St. Louis Rams,16,403,1750,14,90,65,533,1,314.40,389.3,346.8,19.7,24.3,21.7,2007
7,Miami Dolphins,16,463,2110,10,61,39,373,0,308.30,372.3,327.8,19.3,23.3,20.5,2007
8,Houston Texans,16,375,1626,15,122,93,606,0,307.60,417.2,351.7,19.2,26.1,22.0,2007
9,Kansas City Chiefs,16,407,1854,11,90,66,478,1,303.60,393.2,334.2,19.0,24.6,20.9,2007
10,Seattle Seahawks,16,374,1536,15,110,79,625,0,298.30,393.1,343.6,18.6,24.6,21.5,2007
11,New York Giants,16,358,1437,11,110,80,665,1,286.20,377.2,326.2,17.9,23.6,20.4,2007
12,Denver Broncos,16,388,1922,10,85,54,415,0,286.00,361.7,312.7,17.9,22.6,19.5,2007
13,Arizona Cardinals,16,359,1384,12,126,102,712,1,285.70,400.6,336.6,17.9,25.0,21.0,2007
14,Tampa Bay Buccaneers,16,402,1556,10,132,86,632,3,284.90,388.8,327.8,17.8,24.3,20.5,2007
15,San Francisco 49ers,16,448,1737,8,125,88,647,0,284.60,388.4,328.4,17.8,24.3,20.5,2007
16,Green Bay Packers,16,399,1580,5,119,78,753,2,271.30,361.3,310.3,17.0,22.6,19.4,2007
17,Carolina Panthers,16,405,1551,10,115,73,515,2,269.10,358.6,305.1,16.8,22.4,19.1,2007
18,Cincinnati Bengals,16,396,1780,8,86,65,464,0,264.72,356.7,297.2,16.5,22.3,18.6,2007
19,San Diego Chargers,16,352,1522,10,92,68,492,2,261.40,347.4,295.4,16.3,21.7,18.5,2007
20,0,0,Rushing,Rushing,Rushing,Receiving,Receiving,Receiving,Receiving,Fantasy,Fantasy,Fantasy,Fantasy per Game,Fantasy per Game,Fantasy per Game,2007
21,Tm,G,Att,Yds,TD,Tgt,Rec,Yds,TD,FantPt,DKPt,FDPt,FantPt,DKPt,FDPt,2007
22,Dallas Cowboys,16,337,1351,12,100,72,504,1,255.50,334.5,291.5,16.0,20.9,18.2,2007
23,Cleveland Browns,16,415,1833,4,89,61,486,1,253.90,351.9,284.4,15.9,22.0,17.8,2007
24,New England Patriots,16,317,1353,5,96,75,625,4,249.90,337.8,287.3,15.6,21.1,18.0,2007
25,Jacksonville Jaguars,16,316,1326,8,110,69,517,3,247.50,327.3,280.8,15.5,20.5,17.6,2007
26,Philadelphia Eagles,16,359,1388,10,90,60,503,0,243.10,315.1,273.1,15.2,19.7,17.1,2007
27,Washington Redskins,16,329,1195,5,121,92,790,2,240.50,338.5,286.5,15.0,21.2,17.9,2007
28,New Orleans Saints,16,351,1390,7,87,65,530,0,234.44,312.4,266.9,14.7,19.5,16.7,2007
29,Baltimore Ravens,16,403,1228,8,90,62,562,2,233.10,302.0,270.0,14.6,18.9,16.9,2007
30,Minnesota Vikings,16,334,1084,7,155,115,712,1,226.50,347.2,283.7,14.2,21.7,17.7,2007
31,Tennessee Titans,16,287,1136,10,108,74,388,2,224.40,301.4,261.4,14.0,18.8,16.3,2007
32,Indianapolis Colts,16,364,1379,6,100,77,386,2,220.50,306.5,259.0,13.8,19.2,16.2,2007
33,Pittsburgh Steelers,16,306,1150,6,73,48,243,4,189.50,248.3,213.3,11.8,15.5,13.3,2007
0,Detroit Lions,16,465,2492,24,82,61,468,2,450.20,551.0,480.5,28.1,34.4,30.0,2008
1,St. Louis Rams,16,430,2246,25,74,50,473,4,434.78,514.8,459.8,27.2,32.2,28.7,2008
2,Kansas City Chiefs,16,439,2206,21,100,78,681,1,418.82,520.8,457.8,26.2,32.6,28.6,2008
3,Oakland Raiders,16,452,2126,20,99,70,515,3,398.10,490.1,435.1,24.9,30.6,27.2,2008
4,Denver Broncos,16,372,1847,23,106,83,604,1,383.72,481.4,424.9,24.0,30.1,26.6,2008
5,Green Bay Packers,16,418,1902,19,111,80,646,2,377.50,476.8,416.8,23.6,29.8,26.1,2008
6,Atlanta Falcons,16,372,1740,15,105,81,570,3,339.10,439.0,379.5,21.2,27.4,23.7,2008
7,Cleveland Browns,16,473,2233,14,65,50,301,2,337.40,417.4,362.4,21.1,26.1,22.7,2008
8,Arizona Cardinals,16,393,1540,12,117,86,716,8,335.60,439.6,378.6,21.0,27.5,23.7,2008
9,Houston Texans,16,368,1676,16,75,61,548,3,334.80,414.4,364.9,20.9,25.9,22.8,2008
10,Indianapolis Colts,16,405,1684,16,107,86,546,0,317.12,419.9,359.9,19.8,26.2,22.5,2008
11,Jacksonville Jaguars,16,385,1553,14,90,64,592,3,316.70,389.5,348.5,19.8,24.3,21.8,2008
12,San Francisco 49ers,16,408,1588,12,128,84,731,3,315.90,417.9,357.9,19.7,26.1,22.4,2008
13,Seattle Seahawks,16,406,1691,12,113,83,623,2,311.40,408.4,352.9,19.5,25.5,22.1,2008
14,Carolina Panthers,16,383,1750,12,120,75,525,1,301.50,390.5,339.0,18.8,24.4,21.2,2008
15,New Orleans Saints,16,397,1644,11,82,51,446,3,299.16,359.2,324.7,18.7,22.5,20.3,2008
16,Chicago Bears,16,392,1416,15,105,83,546,2,294.50,387.2,333.7,18.4,24.2,20.9,2008
17,Tampa Bay Buccaneers,16,387,1751,8,106,69,524,3,285.60,376.5,320.0,17.9,23.5,20.0,2008
18,Dallas Cowboys,16,354,1559,9,103,67,523,4,282.20,369.2,315.7,17.6,23.1,19.7,2008
19,Washington Redskins,16,343,1360,8,120,88,836,2,279.80,379.6,323.6,17.5,23.7,20.2,2008
20,0,0,Rushing,Rushing,Rushing,Receiving,Receiving,Receiving,Receiving,Fantasy,Fantasy,Fantasy,Fantasy per Game,Fantasy per Game,Fantasy per Game,2008
21,Tm,G,Att,Yds,TD,Tgt,Rec,Yds,TD,FantPt,DKPt,FDPt,FantPt,DKPt,FDPt,2008
22,Cincinnati Bengals,16,419,1626,11,89,61,409,2,277.60,352.5,314.0,17.4,22.0,19.6,2008
23,New York Giants,16,330,1227,12,95,67,577,3,270.80,346.4,303.9,16.9,21.7,19.0,2008
24,Buffalo Bills,16,371,1504,10,83,61,522,1,262.60,332.6,293.1,16.4,20.8,18.3,2008
25,San Diego Chargers,16,359,1487,9,104,80,532,1,262.26,353.1,302.1,16.4,22.1,18.9,2008
26,New England Patriots,16,375,1508,7,74,46,347,3,251.16,303.3,269.3,15.7,19.0,16.8,2008
27,New York Jets,16,360,1275,8,118,83,597,3,247.40,343.2,288.7,15.5,21.5,18.0,2008
28,Minnesota Vikings,16,318,1108,9,103,78,532,3,246.10,326.0,285.0,15.4,20.4,17.8,2008
29,Miami Dolphins,16,322,1303,7,105,76,707,1,245.30,338.0,283.0,15.3,21.1,17.7,2008
30,Philadelphia Eagles,16,371,1333,7,97,64,531,1,236.40,311.4,268.4,14.8,19.5,16.8,2008
31,Pittsburgh Steelers,16,348,1199,5,121,85,654,2,225.30,311.3,267.8,14.1,19.5,16.7,2008
32,Tennessee Titans,16,330,1209,5,109,80,536,4,224.50,312.5,264.5,14.0,19.5,16.5,2008
33,Baltimore Ravens,16,324,1082,4,92,67,517,4,201.90,271.9,235.4,12.6,17.0,14.7,2008
0,St. Louis Rams,16,447,1955,22,91,62,558,3,393.60,478.3,424.3,24.6,29.9,26.5,2009
1,Cleveland Browns,16,446,2004,15,106,77,798,5,390.20,487.2,428.7,24.4,30.5,26.8,2009
2,Kansas City Chiefs,16,459,2244,17,98,70,502,2,384.60,474.6,419.6,24.0,29.7,26.2,2009
3,Detroit Lions,16,406,1902,15,135,105,882,4,384.40,518.4,436.9,24.0,32.4,27.3,2009
4,Oakland Raiders,16,467,2227,19,86,54,502,1,383.40,467.9,407.9,24.0,29.2,25.5,2009
5,Buffalo Bills,16,443,2087,19,96,73,509,1,376.00,480.6,413.1,23.5,30.0,25.8,2009
6,Tampa Bay Buccaneers,16,470,2285,15,87,57,371,2,357.60,440.6,386.1,22.4,27.5,24.1,2009
7,Seattle Seahawks,16,394,1670,17,108,91,645,3,345.50,445.5,391.0,21.6,27.8,24.4,2009
8,Carolina Panthers,16,397,1759,14,110,72,517,5,337.60,421.6,373.6,21.1,26.4,23.4,2009
9,New Orleans Saints,16,391,1765,18,100,73,558,0,334.30,425.3,370.8,20.9,26.6,23.2,2009
10,Tennessee Titans,16,332,1505,14,139,103,682,3,323.88,440.8,381.3,20.2,27.6,23.8,2009
11,Indianapolis Colts,16,426,1908,9,118,86,509,5,319.90,426.7,362.7,20.0,26.7,22.7,2009
12,Chicago Bears,16,407,1752,12,105,82,622,2,313.40,411.4,354.4,19.6,25.7,22.2,2009
13,San Diego Chargers,16,365,1640,9,110,86,724,4,312.64,407.6,355.6,19.5,25.5,22.2,2009
14,New York Giants,16,376,1566,18,85,63,434,2,312.20,385.0,343.5,19.5,24.1,21.5,2009
15,Denver Broncos,16,417,1898,11,97,72,592,1,312.10,400.0,348.0,19.5,25.0,21.8,2009
16,Arizona Cardinals,16,355,1658,11,101,72,596,2,301.90,392.4,337.4,18.9,24.5,21.1,2009
17,Houston Texans,16,319,1368,15,106,74,522,3,293.10,381.0,330.0,18.3,23.8,20.6,2009
18,Philadelphia Eagles,16,366,1475,10,99,76,611,3,283.10,364.6,320.6,17.7,22.8,20.0,2009
19,Miami Dolphins,16,376,1548,11,96,62,573,1,282.10,355.1,313.1,17.6,22.2,19.6,2009
20,0,0,Rushing,Rushing,Rushing,Receiving,Receiving,Receiving,Receiving,Fantasy,Fantasy,Fantasy,Fantasy per Game,Fantasy per Game,Fantasy per Game,2009
21,Tm,G,Att,Yds,TD,Tgt,Rec,Yds,TD,FantPt,DKPt,FDPt,FantPt,DKPt,FDPt,2009
22,San Francisco 49ers,16,365,1356,9,124,102,766,3,279.38,398.1,330.1,17.5,24.9,20.6,2009
23,Washington Redskins,16,385,1581,9,115,87,666,1,278.70,378.7,322.2,17.4,23.7,20.1,2009
24,Cincinnati Bengals,16,339,1306,7,108,87,774,4,266.00,366.0,309.5,16.6,22.9,19.3,2009
25,New England Patriots,16,347,1593,5,85,55,542,4,263.64,334.5,291.0,16.5,20.9,18.2,2009
26,Atlanta Falcons,16,350,1312,8,108,74,662,5,263.40,343.4,300.4,16.5,21.5,18.8,2009
27,Jacksonville Jaguars,16,389,1642,9,82,67,420,2,262.60,351.2,302.7,16.4,22.0,18.9,2009
28,Dallas Cowboys,16,324,1298,6,112,83,717,3,249.50,335.5,291.0,15.6,21.0,18.2,2009
29,New York Jets,16,365,1361,10,96,63,543,0,247.24,315.2,278.7,15.5,19.7,17.4,2009
30,Pittsburgh Steelers,16,321,1139,5,92,59,487,3,226.60,294.6,262.1,14.2,18.4,16.4,2009
31,Minnesota Vikings,16,302,1172,5,104,74,618,2,209.10,295.0,246.0,13.1,18.4,15.4,2009
32,Baltimore Ravens,16,364,1245,6,99,69,491,1,208.60,292.6,242.1,13.0,18.3,15.1,2009
33,Green Bay Packers,16,333,1182,4,108,70,563,3,207.10,290.5,247.5,12.9,18.2,15.5,2009
0,Denver Broncos,16,458,2049,21,100,67,676,5,422.70,516.5,456.0,26.4,32.3,28.5,2010
1,Arizona Cardinals,16,464,2165,19,95,70,534,2,389.90,483.9,424.9,24.4,30.2,26.6,2010
2,Detroit Lions,16,372,1652,16,116,91,796,5,362.80,478.8,408.3,22.7,29.9,25.5,2010
3,Buffalo Bills,16,472,2135,16,89,64,432,0,349.90,439.7,380.7,21.9,27.5,23.8,2010
4,Carolina Panthers,16,447,1804,19,94,63,472,2,348.60,425.6,379.1,21.8,26.6,23.7,2010
5,Seattle Seahawks,16,403,1752,12,113,84,839,4,347.10,444.1,389.1,21.7,27.8,24.3,2010
6,Jacksonville Jaguars,16,370,1747,18,74,55,485,2,341.60,413.2,368.7,21.4,25.8,23.0,2010
7,Indianapolis Colts,16,390,1791,12,125,106,711,3,336.20,465.2,389.2,21.0,29.1,24.3,2010
8,Oakland Raiders,16,419,1836,12,95,59,522,5,333.80,415.8,369.3,20.9,26.0,23.1,2010
9,Houston Texans,16,359,1486,14,112,92,772,4,332.60,437.8,377.8,20.8,27.4,23.6,2010
10,Tampa Bay Buccaneers,16,388,1909,11,109,75,607,2,325.60,427.6,363.1,20.4,26.7,22.7,2010
11,Washington Redskins,16,379,1756,12,123,89,780,1,321.60,433.6,366.1,20.1,27.1,22.9,2010
12,New England Patriots,16,355,1458,8,126,95,812,4,299.00,402.0,346.5,18.7,25.1,21.7,2010
13,Philadelphia Eagles,16,363,1461,11,88,59,586,5,293.00,364.7,322.2,18.3,22.8,20.1,2010
14,New Orleans Saints,16,372,1490,11,109,83,718,3,291.62,390.3,332.8,18.2,24.4,20.8,2010
15,Tennessee Titans,16,413,1590,6,126,97,643,5,283.30,392.3,331.8,17.7,24.5,20.7,2010
16,Cincinnati Bengals,16,365,1623,14,84,57,371,0,281.60,350.4,307.9,17.6,21.9,19.2,2010
17,Kansas City Chiefs,16,352,1512,9,102,77,624,3,279.60,371.6,318.1,17.5,23.2,19.9,2010
18,Cleveland Browns,16,451,1867,6,93,66,639,0,278.70,360.6,312.6,17.4,22.5,19.5,2010
19,Dallas Cowboys,16,344,1525,9,101,75,482,3,264.70,359.7,302.2,16.5,22.5,18.9,2010
20,0,0,Rushing,Rushing,Rushing,Receiving,Receiving,Receiving,Receiving,Fantasy,Fantasy,Fantasy,Fantasy per Game,Fantasy per Game,Fantasy per Game,2010
21,Tm,G,Att,Yds,TD,Tgt,Rec,Yds,TD,FantPt,DKPt,FDPt,FantPt,DKPt,FDPt,2010
22,St. Louis Rams,16,351,1592,7,112,84,631,1,263.82,360.4,305.4,16.5,22.5,19.1,2010
23,San Francisco 49ers,16,391,1303,7,125,94,736,2,262.90,356.9,308.9,16.4,22.3,19.3,2010
24,San Diego Chargers,16,351,1331,12,85,67,597,1,262.80,354.8,308.3,16.4,22.2,19.3,2010
25,Miami Dolphins,16,392,1370,7,104,74,634,4,262.40,344.4,299.4,16.4,21.5,18.7,2010
26,Minnesota Vikings,16,360,1373,9,116,91,592,1,256.70,359.5,302.0,16.0,22.5,18.9,2010
27,New York Giants,16,328,1300,8,87,63,485,2,234.80,307.5,264.0,14.7,19.2,16.5,2010
28,Chicago Bears,16,317,1245,11,110,77,470,1,233.50,321.5,272.0,14.6,20.1,17.0,2010
29,Baltimore Ravens,16,338,1281,5,107,77,573,2,223.50,311.4,261.9,14.0,19.5,16.4,2010
30,Atlanta Falcons,16,313,1327,6,98,80,518,1,220.68,317.6,260.6,13.8,19.9,16.3,2010
31,Green Bay Packers,16,332,1346,5,107,76,616,0,218.20,304.2,256.2,13.6,19.0,16.0,2010
32,New York Jets,16,348,1195,8,78,46,447,0,198.20,258.2,223.2,12.4,16.1,14.0,2010
33,Pittsburgh Steelers,16,286,883,3,122,83,667,1,171.00,261.0,212.5,10.7,16.3,13.3,2010
0,Tampa Bay Buccaneers,16,421,2108,20,99,72,667,4,411.50,509.5,447.5,25.7,31.8,28.0,2011
1,Carolina Panthers,16,386,1945,14,111,86,763,8,399.30,507.8,441.8,25.0,31.7,27.6,2011
2,Buffalo Bills,16,401,1892,16,102,80,660,3,365.20,466.2,405.2,22.8,29.1,25.3,2011
3,St. Louis Rams,16,432,2087,16,101,72,577,1,365.00,456.4,400.4,22.8,28.5,25.0,2011
4,Indianapolis Colts,16,464,2050,15,109,85,624,1,357.70,466.4,399.9,22.4,29.2,25.0,2011
5,Oakland Raiders,16,365,1778,12,115,72,729,4,342.70,431.7,378.7,21.4,27.0,23.7,2011
6,Tennessee Titans,16,395,1802,10,142,104,779,4,340.10,472.1,392.1,21.3,29.5,24.5,2011
7,Cleveland Browns,16,478,2189,11,83,64,479,2,336.80,428.8,368.8,21.1,26.8,23.1,2011
8,Kansas City Chiefs,16,443,1835,10,89,66,699,2,325.40,401.4,358.4,20.3,25.1,22.4,2011
9,Philadelphia Eagles,16,370,1682,9,112,80,783,4,322.50,425.5,362.5,20.2,26.6,22.7,2011
10,New Orleans Saints,16,287,1510,9,122,91,832,5,314.30,422.2,359.7,19.6,26.4,22.5,2011
11,Denver Broncos,16,425,1810,6,117,86,680,4,305.00,408.0,348.0,19.1,25.5,21.8,2011
12,Minnesota Vikings,16,383,1499,8,118,91,766,5,298.50,401.5,344.0,18.7,25.1,21.5,2011
13,Washington Redskins,16,377,1612,12,85,54,435,3,294.70,366.7,321.7,18.4,22.9,20.1,2011
14,Green Bay Packers,16,320,1444,9,135,101,837,1,292.10,410.1,342.6,18.3,25.6,21.4,2011
15,New England Patriots,16,340,1522,9,126,89,766,3,291.20,390.8,335.3,18.2,24.4,21.0,2011
16,Seattle Seahawks,16,398,1507,9,100,76,679,2,290.64,372.6,328.6,18.2,23.3,20.5,2011
17,New York Giants,16,370,1655,12,113,80,577,0,289.20,390.2,329.2,18.1,24.4,20.6,2011
18,Cincinnati Bengals,16,368,1517,14,103,72,522,0,280.00,364.9,315.9,17.5,22.8,19.7,2011
19,Arizona Cardinals,16,410,1734,12,90,60,326,0,272.00,341.0,302.0,17.0,21.3,18.9,2011
20,0,0,Rushing,Rushing,Rushing,Receiving,Receiving,Receiving,Receiving,Fantasy,Fantasy,Fantasy,Fantasy per Game,Fantasy per Game,Fantasy per Game,2011
21,Tm,G,Att,Yds,TD,Tgt,Rec,Yds,TD,FantPt,DKPt,FDPt,FantPt,DKPt,FDPt,2011
22,San Diego Chargers,16,354,1546,6,87,65,597,3,270.30,348.3,302.8,16.9,21.8,18.9,2011
23,Detroit Lions,16,340,1550,5,122,90,707,3,269.70,370.7,314.7,16.9,23.2,19.7,2011
24,New York Jets,16,396,1532,14,83,53,449,0,268.90,340.1,294.6,16.8,21.3,18.4,2011
25,Dallas Cowboys,16,331,1338,9,100,70,548,3,258.70,342.6,293.6,16.2,21.4,18.4,2011
26,Jacksonville Jaguars,16,387,1501,12,105,75,449,0,257.00,349.0,294.5,16.1,21.8,18.4,2011
27,Chicago Bears,16,321,1322,7,121,93,683,3,252.80,355.5,299.0,15.8,22.2,18.7,2011
28,Miami Dolphins,16,347,1320,5,121,86,795,2,251.80,344.5,294.5,15.7,21.5,18.4,2011
29,Atlanta Falcons,16,314,1284,8,113,80,570,2,241.50,329.4,281.4,15.1,20.6,17.6,2011
30,Pittsburgh Steelers,16,357,1394,7,85,61,457,2,239.30,309.1,269.6,15.0,19.3,16.9,2011
31,Baltimore Ravens,16,369,1308,10,93,57,505,0,237.30,311.3,271.8,14.8,19.5,17.0,2011
32,Houston Texans,16,318,1301,6,88,58,464,0,206.60,273.5,235.5,12.9,17.1,14.7,2011
33,San Francisco 49ers,16,302,1039,2,110,81,653,1,177.30,269.2,218.7,11.1,16.8,13.7,2011
0,New Orleans Saints,16,390,2047,16,104,79,762,2,388.30,488.9,428.4,24.3,30.6,26.8,2012
1,Jacksonville Jaguars,16,475,1958,14,100,68,559,5,373.70,455.7,407.7,23.4,28.5,25.5,2012
2,Tennessee Titans,16,418,1817,14,114,91,840,4,371.70,475.7,417.2,23.2,29.7,26.1,2012
3,Buffalo Bills,16,411,1939,17,76,47,406,4,360.50,432.5,390.0,22.5,27.0,24.4,2012
4,Dallas Cowboys,16,399,1743,16,91,63,534,2,329.70,413.7,361.2,20.6,25.9,22.6,2012
5,Indianapolis Colts,16,383,1956,14,78,49,405,1,324.20,392.1,348.6,20.3,24.5,21.8,2012
6,Kansas City Chiefs,16,425,1899,9,87,65,643,2,315.00,397.2,346.7,19.7,24.8,21.7,2012
7,Oakland Raiders,16,375,1605,14,114,89,656,1,314.20,419.1,358.6,19.6,26.2,22.4,2012
8,New York Jets,16,438,1849,13,65,42,500,2,313.00,372.9,333.9,19.6,23.3,20.9,2012
9,Atlanta Falcons,16,368,1643,13,110,77,635,2,307.80,401.8,346.3,19.2,25.1,21.6,2012
10,Cleveland Browns,16,410,1790,11,117,87,662,1,303.20,406.2,346.7,19.0,25.4,21.7,2012
11,Carolina Panthers,16,360,1606,10,139,113,786,2,301.20,440.2,357.7,18.8,27.5,22.4,2012
12,Arizona Cardinals,16,442,2014,12,76,50,329,0,300.30,369.3,325.3,18.8,23.1,20.3,2012
13,St. Louis Rams,16,351,1432,13,98,80,664,2,297.70,390.6,337.6,18.6,24.4,21.1,2012
14,Green Bay Packers,16,374,1646,10,86,63,605,2,297.40,370.1,328.6,18.6,23.1,20.5,2012
15,Baltimore Ravens,16,442,1808,13,93,59,418,0,296.90,369.6,326.1,18.6,23.1,20.4,2012
16,Philadelphia Eagles,16,404,1640,7,89,62,488,6,290.90,360.8,319.8,18.2,22.6,20.0,2012
17,Detroit Lions,16,356,1533,12,104,80,467,2,286.60,388.0,332.0,17.9,24.3,20.8,2012
18,Tampa Bay Buccaneers,16,321,1140,11,122,101,734,4,277.30,385.4,327.9,17.3,24.1,20.5,2012
19,New York Giants,16,374,1734,6,107,79,640,2,276.30,381.4,316.9,17.3,23.8,19.8,2012
20,0,0,Rushing,Rushing,Rushing,Receiving,Receiving,Receiving,Receiving,Fantasy,Fantasy,Fantasy,Fantasy per Game,Fantasy per Game,Fantasy per Game,2012
21,Tm,G,Att,Yds,TD,Tgt,Rec,Yds,TD,FantPt,DKPt,FDPt,FantPt,DKPt,FDPt,2012
22,Cincinnati Bengals,16,356,1431,11,131,95,674,1,272.70,378.5,320.0,17.0,23.7,20.0,2012
23,Miami Dolphins,16,375,1461,8,106,68,676,2,272.10,353.7,311.7,17.0,22.1,19.5,2012
24,San Diego Chargers,16,347,1330,8,122,89,771,3,266.20,366.1,310.6,16.6,22.9,19.4,2012
25,Washington Redskins,16,309,1331,10,114,79,565,3,266.10,356.6,305.1,16.6,22.3,19.1,2012
26,New England Patriots,16,357,1405,7,115,92,864,0,260.90,362.9,306.9,16.3,22.7,19.2,2012
27,Minnesota Vikings,16,352,1312,7,115,82,690,2,244.20,340.2,285.2,15.3,21.3,17.8,2012
28,Seattle Seahawks,16,299,1326,7,123,88,581,2,238.80,338.7,282.7,14.9,21.2,17.7,2012
29,Pittsburgh Steelers,16,351,1319,9,59,42,294,1,219.30,269.3,240.3,13.7,16.8,15.0,2012
30,Denver Broncos,16,361,1325,4,103,75,467,3,217.50,303.2,254.7,13.6,19.0,15.9,2012
31,San Francisco 49ers,16,354,1270,5,95,59,509,2,208.00,284.9,237.4,13.0,17.8,14.8,2012
32,Houston Texans,16,335,1315,5,84,55,403,1,205.90,282.8,245.3,12.9,17.7,15.3,2012
33,Chicago Bears,16,336,1389,6,96,71,418,1,202.70,295.7,238.2,12.7,18.5,14.9,2012
0,Dallas Cowboys,16,381,1846,13,143,113,862,9,396.90,531.8,453.3,24.8,33.2,28.3,2013
1,Chicago Bears,16,427,2262,19,96,69,434,2,389.60,496.6,426.1,24.4,31.0,26.6,2013
2,Tennessee Titans,16,382,1536,19,130,98,873,1,354.90,462.9,403.9,22.2,28.9,25.2,2013
3,Washington Redskins,16,374,1483,20,96,72,636,3,346.10,428.9,381.9,21.6,26.8,23.9,2013
4,Oakland Raiders,16,387,1527,13,113,86,760,7,342.80,437.7,385.7,21.4,27.4,24.1,2013
5,St. Louis Rams,16,391,1485,16,119,92,848,2,333.40,441.3,379.3,20.8,27.6,23.7,2013
6,Green Bay Packers,16,387,1815,14,99,72,609,1,324.40,424.4,360.4,20.3,26.5,22.5,2013
7,Minnesota Vikings,16,370,1392,12,131,102,886,4,321.80,436.8,372.8,20.1,27.3,23.3,2013
8,Atlanta Falcons,16,394,1896,11,93,74,594,2,321.00,410.0,358.0,20.1,25.6,22.4,2013
9,Jacksonville Jaguars,16,427,1754,15,105,79,540,1,319.40,407.4,358.9,20.0,25.5,22.4,2013
10,Miami Dolphins,16,419,1787,11,108,78,607,2,314.60,403.6,353.6,19.7,25.2,22.1,2013
11,New England Patriots,16,426,1802,8,123,78,641,4,308.40,402.3,347.3,19.3,25.1,21.7,2013
12,Kansas City Chiefs,16,363,1560,8,114,79,750,5,305.88,398.9,345.4,19.1,24.9,21.6,2013
13,Houston Texans,16,396,1723,10,86,63,553,4,305.60,380.6,337.1,19.1,23.8,21.1,2013
14,Pittsburgh Steelers,16,379,1543,17,88,59,406,2,302.90,373.9,332.4,18.9,23.4,20.8,2013
15,Denver Broncos,16,358,1296,14,112,75,560,5,300.24,383.2,337.7,18.8,24.0,21.1,2013
16,Cleveland Browns,16,394,1552,10,118,84,712,2,298.72,393.7,340.7,18.7,24.6,21.3,2013
17,Buffalo Bills,16,415,1860,9,87,61,375,2,287.50,364.5,318.0,18.0,22.8,19.9,2013
18,New York Giants,16,372,1327,10,125,99,838,2,282.60,390.5,332.0,17.7,24.4,20.8,2013
19,Indianapolis Colts,16,369,1570,11,90,63,435,1,267.00,341.5,298.0,16.7,21.3,18.6,2013
20,0,0,Rushing,Rushing,Rushing,Receiving,Receiving,Receiving,Receiving,Fantasy,Fantasy,Fantasy,Fantasy per Game,Fantasy per Game,Fantasy per Game,2013
21,Tm,G,Att,Yds,TD,Tgt,Rec,Yds,TD,FantPt,DKPt,FDPt,FantPt,DKPt,FDPt,2013
22,Philadelphia Eagles,16,373,1356,11,105,76,684,1,266.00,351.0,304.0,16.6,21.9,19.0,2013
23,San Diego Chargers,16,311,1386,12,95,76,589,0,265.50,352.5,303.5,16.6,22.0,19.0,2013
24,New Orleans Saints,16,330,1466,10,91,61,496,1,264.20,334.2,294.7,16.5,20.9,18.4,2013
25,Tampa Bay Buccaneers,16,366,1450,4,117,80,583,3,246.10,337.3,285.3,15.4,21.1,17.8,2013
26,San Francisco 49ers,16,343,1333,10,101,74,487,2,246.00,325.0,283.0,15.4,20.3,17.7,2013
27,Baltimore Ravens,16,370,1446,6,92,66,484,3,241.00,313.0,274.0,15.1,19.6,17.1,2013
28,Detroit Lions,16,310,1258,8,81,59,442,4,240.00,307.0,269.5,15.0,19.2,16.8,2013
29,New York Jets,16,362,1166,9,91,65,434,2,224.10,293.0,256.5,14.0,18.3,16.0,2013
30,Carolina Panthers,16,299,1217,3,136,112,731,2,218.90,336.8,274.8,13.7,21.1,17.2,2013
31,Seattle Seahawks,16,355,1345,4,118,83,508,1,218.08,314.4,258.9,13.6,19.7,16.2,2013
32,Cincinnati Bengals,16,343,1286,3,129,102,680,1,214.60,326.6,265.6,13.4,20.4,16.6,2013
33,Arizona Cardinals,16,309,975,4,107,79,564,1,182.00,264.9,221.4,11.4,16.6,13.8,2013
0,Oakland Raiders,16,419,1703,15,114,78,758,8,388.10,479.1,427.1,24.3,29.9,26.7,2014
1,Tennessee Titans,16,454,2003,17,85,63,438,4,368.10,453.1,399.6,23.0,28.3,25.0,2014
2,Atlanta Falcons,16,389,1590,19,117,88,785,3,365.60,459.5,409.5,22.9,28.7,25.6,2014
3,New Orleans Saints,16,379,1813,14,104,72,868,2,362.10,456.1,398.1,22.6,28.5,24.9,2014
4,Jacksonville Jaguars,16,432,1754,14,124,98,677,4,347.10,456.1,396.1,21.7,28.5,24.8,2014
5,Cincinnati Bengals,16,373,1608,15,115,93,822,2,341.00,443.0,387.5,21.3,27.7,24.2,2014
6,New York Giants,16,357,1726,12,103,77,758,2,326.40,418.4,364.9,20.4,26.2,22.8,2014
7,Philadelphia Eagles,16,410,1470,13,95,77,642,8,325.20,411.2,363.7,20.3,25.7,22.7,2014
8,Tampa Bay Buccaneers,16,415,1629,13,119,91,622,5,323.10,422.1,368.6,20.2,26.4,23.0,2014
9,Minnesota Vikings,16,380,1698,10,112,94,707,4,322.90,429.5,369.5,20.2,26.8,23.1,2014
10,Cleveland Browns,16,429,1906,10,99,64,537,3,316.50,401.3,348.3,19.8,25.1,21.8,2014
11,Chicago Bears,16,355,1535,11,124,89,744,3,311.90,403.9,356.4,19.5,25.2,22.3,2014
12,Dallas Cowboys,16,339,1512,13,108,76,650,3,306.20,392.2,344.2,19.1,24.5,21.5,2014
13,Miami Dolphins,16,373,1535,10,107,77,566,5,306.10,396.1,344.6,19.1,24.8,21.5,2014
14,Indianapolis Colts,16,349,1494,13,98,74,763,1,301.70,388.7,338.7,18.9,24.3,21.2,2014
15,Carolina Panthers,16,344,1551,11,117,85,518,3,289.10,392.9,331.4,18.1,24.6,20.7,2014
16,New England Patriots,16,364,1464,6,126,87,678,6,284.20,385.2,327.7,17.8,24.1,20.5,2014
17,Green Bay Packers,16,377,1540,8,109,72,640,2,272.00,356.0,308.0,17.0,22.3,19.3,2014
18,San Diego Chargers,16,370,1500,6,108,80,603,5,268.60,361.3,308.3,16.8,22.6,19.3,2014
19,Denver Broncos,16,293,1042,6,142,101,853,7,267.60,378.5,318.0,16.7,23.7,19.9,2014
20,0,0,Rushing,Rushing,Rushing,Receiving,Receiving,Receiving,Receiving,Fantasy,Fantasy,Fantasy,Fantasy per Game,Fantasy per Game,Fantasy per Game,2014
21,Tm,G,Att,Yds,TD,Tgt,Rec,Yds,TD,FantPt,DKPt,FDPt,FantPt,DKPt,FDPt,2014
22,Pittsburgh Steelers,16,310,1347,8,112,85,686,4,267.30,368.3,309.8,16.7,23.0,19.4,2014
23,Houston Texans,16,362,1481,6,102,77,671,3,266.30,353.2,303.7,16.6,22.1,19.0,2014
24,New York Jets,16,343,1319,9,105,70,526,4,261.00,346.5,301.5,16.3,21.7,18.8,2014
25,Kansas City Chiefs,16,374,1840,4,82,56,463,1,258.90,333.3,286.3,16.2,20.8,17.9,2014
26,San Francisco 49ers,16,353,1438,7,105,70,474,2,249.20,332.2,284.2,15.6,20.8,17.8,2014
27,St. Louis Rams,16,366,1417,8,103,79,625,0,248.20,344.2,287.7,15.5,21.5,18.0,2014
28,Buffalo Bills,16,346,1380,8,108,71,535,1,241.50,317.5,277.0,15.1,19.8,17.3,2014
29,Arizona Cardinals,16,325,1329,8,101,69,488,2,237.90,317.7,272.2,14.9,19.9,17.0,2014
30,Washington Redskins,16,354,1404,9,91,65,470,1,233.40,321.4,271.9,14.6,20.1,17.0,2014
31,Seattle Seahawks,16,319,1133,8,124,91,730,1,232.50,333.3,277.8,14.5,20.8,17.4,2014
32,Detroit Lions,16,309,978,7,120,94,767,3,228.60,329.5,275.5,14.3,20.6,17.2,2014
33,Baltimore Ravens,16,327,1153,5,107,79,510,2,206.50,288.5,246.0,12.9,18.0,15.4,2014
0,Miami Dolphins,16,449,1837,13,126,89,778,8,387.80,497.5,432.0,24.2,31.1,27.0,2015
1,San Francisco 49ers,16,431,1792,18,121,101,756,3,379.60,494.8,427.3,23.7,30.9,26.7,2015
2,New Orleans Saints,16,365,1836,10,123,94,938,7,365.50,472.4,412.4,22.8,29.5,25.8,2015
3,Philadelphia Eagles,16,412,1899,7,138,93,918,6,357.70,472.7,404.2,22.4,29.5,25.3,2015
4,San Diego Chargers,16,358,1780,14,97,77,743,3,350.30,445.3,388.8,21.9,27.8,24.3,2015
5,Dallas Cowboys,16,391,1684,13,120,95,835,3,345.90,450.9,393.4,21.6,28.2,24.6,2015
6,Atlanta Falcons,16,359,1454,16,141,118,944,3,345.80,473.8,404.8,21.6,29.6,25.3,2015
7,New York Giants,16,385,1677,13,125,92,773,4,338.00,443.0,383.0,21.1,27.7,23.9,2015
8,Jacksonville Jaguars,16,383,1402,13,135,105,897,5,334.20,450.9,386.4,20.9,28.2,24.2,2015
9,Chicago Bears,16,366,1558,6,112,80,800,6,305.90,407.8,351.8,19.1,25.5,22.0,2015
10,Indianapolis Colts,16,391,1625,12,98,72,559,3,300.60,390.4,338.4,18.8,24.4,21.2,2015
11,St. Louis Rams,16,381,1511,6,143,104,976,3,299.20,413.7,348.7,18.7,25.9,21.8,2015
12,Oakland Raiders,16,354,1392,10,127,99,749,4,296.10,403.1,345.6,18.5,25.2,21.6,2015
13,Cleveland Browns,16,402,1841,7,86,62,618,2,295.90,375.9,326.9,18.5,23.5,20.4,2015
14,Detroit Lions,16,369,1504,14,93,66,550,1,293.40,370.4,326.4,18.3,23.2,20.4,2015
15,Washington Redskins,16,349,1639,9,121,85,617,3,288.40,392.6,330.1,18.0,24.5,20.6,2015
16,Buffalo Bills,16,334,1515,9,79,59,572,4,286.80,353.7,316.2,17.9,22.1,19.8,2015
17,Tampa Bay Buccaneers,16,411,1448,8,104,82,577,5,275.10,361.5,313.5,17.2,22.6,19.6,2015
18,Green Bay Packers,16,345,1432,12,95,66,569,1,270.20,352.1,303.1,16.9,22.0,18.9,2015
19,Cincinnati Bengals,16,295,1241,6,131,102,790,5,267.10,373.1,318.1,16.7,23.3,19.9,2015
20,0,0,Rushing,Rushing,Rushing,Receiving,Receiving,Receiving,Receiving,Fantasy,Fantasy,Fantasy,Fantasy per Game,Fantasy per Game,Fantasy per Game,2015
21,Tm,G,Att,Yds,TD,Tgt,Rec,Yds,TD,FantPt,DKPt,FDPt,FantPt,DKPt,FDPt,2015
22,Carolina Panthers,16,309,1169,9,151,108,780,3,258.90,384.9,318.9,16.2,24.1,19.9,2015
23,Houston Texans,16,330,1380,7,101,74,657,3,256.20,339.7,292.7,16.0,21.2,18.3,2015
24,Arizona Cardinals,16,303,1125,8,104,80,783,4,255.10,347.8,294.8,15.9,21.7,18.4,2015
25,New England Patriots,16,353,1389,7,118,92,636,1,252.50,352.5,298.5,15.8,22.0,18.7,2015
26,Minnesota Vikings,16,354,1501,5,100,76,681,2,250.30,346.2,288.2,15.6,21.6,18.0,2015
27,Denver Broncos,16,355,1097,9,123,83,619,5,249.60,338.6,291.1,15.6,21.2,18.2,2015
28,Baltimore Ravens,16,362,1438,8,96,72,572,1,249.00,337.0,285.0,15.6,21.1,17.8,2015
29,Tennessee Titans,16,388,1516,6,83,56,497,2,247.30,313.3,275.3,15.5,19.6,17.2,2015
30,Kansas City Chiefs,16,327,1245,7,106,71,503,4,238.80,314.8,274.3,14.9,19.7,17.1,2015
31,Pittsburgh Steelers,16,325,1234,4,119,84,763,2,223.80,319.7,265.7,14.0,20.0,16.6,2015
32,New York Jets,16,308,1031,2,113,82,669,5,219.94,316.6,260.6,13.7,19.8,16.3,2015
33,Seattle Seahawks,16,296,1042,5,128,87,623,0,190.80,279.5,232.0,11.9,17.5,14.5,2015
0,San Francisco 49ers,16,469,2324,24,81,63,521,3,440.80,539.5,472.0,27.6,33.7,29.5,2016
1,Cleveland Browns,16,430,1955,18,96,69,557,3,377.20,464.2,413.7,23.6,29.0,25.9,2016
2,New Orleans Saints,16,339,1426,18,103,85,868,5,359.40,451.4,401.9,22.5,28.2,25.1,2016
3,Washington Redskins,16,381,1724,16,109,76,612,4,351.60,446.6,389.6,22.0,27.9,24.4,2016
4,Buffalo Bills,16,396,1783,18,94,64,576,1,348.30,427.9,379.9,21.8,26.7,23.7,2016
5,Indianapolis Colts,16,361,1741,11,100,78,699,6,344.00,441.0,383.0,21.5,27.6,23.9,2016
6,Pittsburgh Steelers,16,332,1451,14,110,82,787,5,332.40,434.8,372.8,20.8,27.2,23.3,2016
7,Atlanta Falcons,16,303,1297,13,141,109,870,6,328.90,449.7,383.2,20.6,28.1,24.0,2016
8,San Diego Chargers,16,343,1317,16,122,100,758,5,327.50,433.5,377.5,20.5,27.1,23.6,2016
9,Oakland Raiders,16,378,1709,13,76,53,541,5,325.20,397.0,351.5,20.3,24.8,22.0,2016
10,Tampa Bay Buccaneers,16,365,1541,12,93,72,709,3,315.00,394.0,351.0,19.7,24.6,21.9,2016
11,Chicago Bears,16,378,1667,14,97,69,466,2,309.50,387.3,343.8,19.3,24.2,21.5,2016
12,Denver Broncos,16,413,1666,9,104,69,688,2,297.60,377.4,331.9,18.6,23.6,20.7,2016
13,New York Jets,16,367,1461,11,101,72,533,5,297.50,380.4,333.4,18.6,23.8,20.8,2016
14,Cincinnati Bengals,16,343,1522,9,134,93,665,3,290.70,389.7,337.2,18.2,24.4,21.1,2016
15,Miami Dolphins,16,367,1678,7,120,93,636,2,290.20,392.4,335.9,18.1,24.5,21.0,2016
16,Los Angeles Rams,16,362,1446,10,99,77,594,5,286.10,373.0,324.5,17.9,23.3,20.3,2016
17,Kansas City Chiefs,16,373,1651,9,106,67,528,4,286.00,366.9,319.4,17.9,22.9,20.0,2016
18,Houston Texans,16,342,1303,10,88,67,653,4,277.90,354.6,311.1,17.4,22.2,19.4,2016
19,Jacksonville Jaguars,16,374,1411,13,107,79,521,0,271.20,360.2,310.7,17.0,22.5,19.4,2016
20,0,0,Rushing,Rushing,Rushing,Receiving,Receiving,Receiving,Receiving,Fantasy,Fantasy,Fantasy,Fantasy per Game,Fantasy per Game,Fantasy per Game,2016
21,Tm,G,Att,Yds,TD,Tgt,Rec,Yds,TD,FantPt,DKPt,FDPt,FantPt,DKPt,FDPt,2016
22,Green Bay Packers,16,329,1349,10,97,73,590,1,262.30,351.3,304.8,16.4,22.0,19.1,2016
23,Philadelphia Eagles,16,331,1393,9,111,87,597,2,261.50,353.0,304.5,16.3,22.1,19.0,2016
24,Detroit Lions,16,335,1470,5,106,88,686,3,257.60,354.6,301.6,16.1,22.2,18.9,2016
25,Baltimore Ravens,16,338,1290,8,112,88,706,2,256.40,361.6,299.6,16.0,22.6,18.7,2016
26,Minnesota Vikings,16,357,1480,6,105,78,623,3,254.30,349.3,293.3,15.9,21.8,18.3,2016
27,Carolina Panthers,16,328,1251,8,122,101,753,1,252.40,361.4,302.9,15.8,22.6,18.9,2016
28,Seattle Seahawks,16,367,1258,12,100,65,536,0,245.50,322.4,275.9,15.3,20.2,17.2,2016
29,New York Giants,16,358,1309,10,127,83,579,0,243.20,334.8,284.3,15.2,20.9,17.8,2016
30,Dallas Cowboys,16,294,1187,8,103,80,551,2,234.30,312.8,271.8,14.6,19.6,17.0,2016
31,Arizona Cardinals,16,340,1120,12,89,65,385,2,230.60,302.5,265.0,14.4,18.9,16.6,2016
32,Tennessee Titans,16,304,1158,6,93,70,706,2,230.40,305.4,265.4,14.4,19.1,16.6,2016
33,New England Patriots,16,315,1129,4,126,101,801,3,227.10,332.0,277.5,14.2,20.8,17.3,2016
0,Buffalo Bills,16,400,1796,18,117,90,665,2,362.50,466.1,407.1,22.7,29.1,25.4,2017
1,Los Angeles Rams,16,371,1714,14,116,80,707,3,338.10,427.1,378.1,21.1,26.7,23.6,2017
2,Washington Redskins,16,399,1792,12,121,80,612,4,334.80,432.4,374.4,20.9,27.0,23.4,2017
3,Tampa Bay Buccaneers,16,365,1522,15,118,86,759,3,332.10,432.1,375.1,20.8,27.0,23.4,2017
4,Cincinnati Bengals,16,430,1728,10,136,97,840,3,330.80,441.8,379.3,20.7,27.6,23.7,2017
5,Detroit Lions,16,373,1562,15,132,99,797,2,325.90,442.9,375.4,20.4,27.7,23.5,2017
6,Indianapolis Colts,16,425,1682,12,94,72,735,2,319.80,406.7,355.7,20.0,25.4,22.2,2017
7,Pittsburgh Steelers,16,341,1515,12,107,83,785,3,316.70,414.0,357.5,19.8,25.9,22.3,2017
8,New York Jets,16,402,1476,10,116,83,795,5,315.30,402.1,356.6,19.7,25.1,22.3,2017
9,Miami Dolphins,16,368,1514,11,128,98,709,5,314.30,423.3,363.3,19.6,26.5,22.7,2017
10,New York Giants,16,402,1695,8,110,85,787,3,310.50,412.2,352.7,19.4,25.8,22.0,2017
11,San Francisco 49ers,16,405,1552,9,123,89,781,4,309.30,412.3,353.8,19.3,25.8,22.1,2017
12,Baltimore Ravens,16,388,1577,12,108,80,628,3,307.44,400.3,347.3,19.2,25.0,21.7,2017
13,Green Bay Packers,16,408,1573,8,116,95,774,5,304.70,415.7,352.2,19.0,26.0,22.0,2017
14,Los Angeles Chargers,16,373,1797,8,122,89,660,2,300.40,412.7,344.2,18.8,25.8,21.5,2017
15,Oakland Raiders,16,379,1556,7,115,93,688,5,292.40,397.4,338.9,18.3,24.8,21.2,2017
16,Cleveland Browns,16,401,1329,9,115,87,769,4,288.00,381.8,331.3,18.0,23.9,20.7,2017
17,New Orleans Saints,16,339,1373,8,123,84,737,5,287.30,387.0,329.0,18.0,24.2,20.6,2017
18,New England Patriots,16,327,1532,5,125,89,844,4,286.40,389.6,330.1,17.9,24.4,20.6,2017
19,Kansas City Chiefs,16,383,1589,12,99,64,513,2,284.20,357.2,317.2,17.8,22.3,19.8,2017
20,0,0,Rushing,Rushing,Rushing,Receiving,Receiving,Receiving,Receiving,Fantasy,Fantasy,Fantasy,Fantasy per Game,Fantasy per Game,Fantasy per Game,2017
21,Tm,G,Att,Yds,TD,Tgt,Rec,Yds,TD,FantPt,DKPt,FDPt,FantPt,DKPt,FDPt,2017
22,Houston Texans,16,373,1467,11,87,67,515,3,282.30,361.2,315.7,17.6,22.6,19.7,2017
23,Chicago Bears,16,377,1565,10,110,88,621,1,280.60,376.6,324.6,17.5,23.5,20.3,2017
24,Jacksonville Jaguars,16,356,1520,7,108,84,659,4,280.50,371.9,321.9,17.5,23.2,20.1,2017
25,Seattle Seahawks,16,372,1488,13,103,70,465,2,279.30,364.3,314.3,17.5,22.8,19.6,2017
26,Tennessee Titans,16,348,1196,4,134,99,967,5,268.30,374.3,317.8,16.8,23.4,19.9,2017
27,Denver Broncos,16,375,1289,8,95,71,510,6,268.20,345.9,303.4,16.8,21.6,19.0,2017
28,Dallas Cowboys,16,330,1360,6,122,97,800,2,264.00,371.0,312.5,16.5,23.2,19.5,2017
29,Atlanta Falcons,16,326,1251,6,139,110,814,4,260.90,376.5,315.5,16.3,23.5,19.7,2017
30,Arizona Cardinals,16,340,1133,7,123,95,764,3,250.30,347.7,295.2,15.6,21.7,18.5,2017
31,Carolina Panthers,16,298,1154,7,113,88,681,2,239.90,327.5,283.5,15.0,20.5,17.7,2017
32,Philadelphia Eagles,16,282,949,6,124,91,653,5,221.50,317.2,265.7,13.8,19.8,16.6,2017
33,Minnesota Vikings,16,308,1095,7,117,77,494,1,204.90,285.9,243.4,12.8,17.9,15.2,2017
0,Arizona Cardinals,16,444,2183,20,94,76,598,2,410.60,504.1,448.1,25.7,31.5,28.0,2018
1,Cincinnati Bengals,16,370,1827,14,121,96,901,6,390.80,506.8,438.8,24.4,31.7,27.4,2018
2,Kansas City Chiefs,16,364,1815,14,115,92,894,6,386.90,494.9,432.9,24.2,30.9,27.1,2018
3,Miami Dolphins,16,412,1843,15,108,78,770,3,363.30,459.3,402.3,22.7,28.7,25.1,2018
4,Tampa Bay Buccaneers,16,340,1551,16,105,82,690,6,356.80,461.1,397.1,22.3,28.8,24.8,2018
5,Atlanta Falcons,16,328,1527,12,139,117,934,4,344.10,480.1,403.6,21.5,30.0,25.2,2018
6,New York Giants,16,364,1552,15,114,83,638,5,343.28,446.3,384.8,21.5,27.9,24.1,2018
7,Oakland Raiders,16,391,1851,13,79,57,560,3,341.30,419.1,369.6,21.3,26.2,23.1,2018
8,Buffalo Bills,16,363,1487,17,124,90,687,4,337.40,437.4,382.4,21.1,27.3,23.9,2018
9,Cleveland Browns,16,363,1721,14,105,79,716,1,329.80,429.7,369.2,20.6,26.9,23.1,2018
10,San Francisco 49ers,16,363,1480,13,132,99,798,3,323.90,432.8,373.3,20.2,27.1,23.3,2018
11,Los Angeles Chargers,16,319,1375,11,133,107,973,4,320.80,435.8,374.3,20.1,27.2,23.4,2018
12,Denver Broncos,16,371,1775,10,98,77,664,2,310.00,404.9,348.4,19.4,25.3,21.8,2018
13,Green Bay Packers,16,358,1549,13,82,62,586,3,307.60,377.5,338.5,19.2,23.6,21.2,2018
14,New York Jets,16,351,1514,12,99,72,585,4,302.20,381.9,337.9,18.9,23.9,21.1,2018
15,Seattle Seahawks,16,300,1364,8,125,99,906,6,301.00,424.0,350.5,18.8,26.5,21.9,2018
16,Los Angeles Rams,16,336,1635,12,107,79,477,4,299.50,395.2,338.7,18.7,24.7,21.2,2018
17,Washington Redskins,16,340,1557,9,127,96,732,2,292.90,398.9,340.9,18.3,24.9,21.3,2018
18,Detroit Lions,16,331,1575,8,105,79,599,4,291.40,385.4,330.9,18.2,24.1,20.7,2018
19,New England Patriots,16,316,1509,6,121,90,783,4,282.20,384.2,326.2,17.6,24.0,20.4,2018
20,0,0,Rushing,Rushing,Rushing,Receiving,Receiving,Receiving,Receiving,Fantasy,Fantasy,Fantasy,Fantasy per Game,Fantasy per Game,Fantasy per Game,2018
21,Tm,G,Att,Yds,TD,Tgt,Rec,Yds,TD,FantPt,DKPt,FDPt,FantPt,DKPt,FDPt,2018
22,Indianapolis Colts,16,352,1353,8,140,110,833,3,281.10,392.6,335.6,17.6,24.5,21.0,2018
23,Philadelphia Eagles,16,259,1183,9,137,110,844,4,281.10,405.7,335.7,17.6,25.4,21.0,2018
24,Minnesota Vikings,16,362,1471,8,103,74,694,3,276.70,360.5,313.5,17.3,22.5,19.6,2018
25,Pittsburgh Steelers,16,320,1290,12,95,67,515,4,274.80,348.5,308.0,17.2,21.8,19.3,2018
26,Dallas Cowboys,16,317,1214,10,123,101,747,3,270.50,382.1,320.6,16.9,23.9,20.0,2018
27,Carolina Panthers,16,310,1438,9,91,67,443,4,260.70,339.1,293.6,16.3,21.2,18.4,2018
28,Jacksonville Jaguars,16,320,1306,9,98,73,546,2,251.20,337.2,287.7,15.7,21.1,18.0,2018
29,Houston Texans,16,320,1000,8,122,89,682,6,244.52,337.5,289.0,15.3,21.1,18.1,2018
30,Tennessee Titans,16,364,1558,7,100,67,404,0,236.50,313.2,269.7,14.8,19.6,16.9,2018
31,New Orleans Saints,16,278,895,7,107,86,652,5,229.10,316.7,271.7,14.3,19.8,17.0,2018
32,Baltimore Ravens,16,296,1041,8,114,78,447,3,216.90,297.8,255.8,13.6,18.6,16.0,2018
33,Chicago Bears,16,289,1045,3,106,78,570,3,191.60,281.5,230.5,12.0,17.6,14.4,2018
0,Carolina Panthers,16,378,2011,27,81,61,392,3,436.42,510.4,466.9,27.3,31.9,29.2,2019
1,Jacksonville Jaguars,16,357,1898,18,104,83,770,4,396.80,502.8,438.3,24.8,31.4,27.4,2019
2,Washington Redskins,16,419,1972,11,125,96,809,5,370.10,484.1,418.1,23.1,30.3,26.1,2019
3,Detroit Lions,16,393,1597,13,113,81,864,8,364.10,465.1,404.6,22.8,29.1,25.3,2019
4,Miami Dolphins,16,433,1942,12,84,71,628,5,355.20,449.0,390.5,22.2,28.1,24.4,2019
5,Kansas City Chiefs,16,357,1736,10,138,100,951,5,354.10,481.1,404.1,22.1,30.1,25.3,2019
6,Houston Texans,16,343,1581,9,117,99,857,8,343.90,452.8,393.3,21.5,28.3,24.6,2019
7,Cleveland Browns,16,353,1753,14,87,68,630,4,342.70,428.3,376.3,21.4,26.8,23.5,2019
8,Cincinnati Bengals,16,389,1781,12,93,75,690,4,338.34,428.3,375.8,21.1,26.8,23.5,2019
9,Green Bay Packers,16,360,1748,15,125,90,647,1,333.60,433.5,378.5,20.9,27.1,23.7,2019
10,Los Angeles Chargers,16,362,1554,14,114,89,627,4,328.10,429.1,372.6,20.5,26.8,23.3,2019
11,Arizona Cardinals,16,378,1590,9,110,93,788,5,318.00,424.8,364.3,19.9,26.6,22.8,2019
12,Seattle Seahawks,16,308,1318,18,108,86,817,1,317.50,414.5,360.5,19.8,25.9,22.5,2019
13,New York Giants,16,393,1558,13,117,90,758,0,307.70,407.6,352.6,19.2,25.5,22.0,2019
14,Tennessee Titans,16,344,1376,13,130,101,757,3,305.40,417.3,355.8,19.1,26.1,22.2,2019
15,Chicago Bears,16,371,1444,15,116,87,602,2,304.60,401.6,348.1,19.0,25.1,21.8,2019
16,Los Angeles Rams,16,369,1550,12,95,66,532,4,304.30,385.2,337.2,19.0,24.1,21.1,2019
17,Oakland Raiders,16,333,1272,11,113,88,750,6,304.20,401.2,348.2,19.0,25.1,21.8,2019
18,Minnesota Vikings,16,361,1585,8,108,79,586,4,281.50,379.1,320.6,17.6,23.7,20.0,2019
19,Buffalo Bills,16,322,1407,9,117,87,671,3,279.80,377.8,323.3,17.5,23.6,20.2,2019
20,0,0,Rushing,Rushing,Rushing,Receiving,Receiving,Receiving,Receiving,Fantasy,Fantasy,Fantasy,Fantasy per Game,Fantasy per Game,Fantasy per Game,2019
21,Tm,G,Att,Yds,TD,Tgt,Rec,Yds,TD,FantPt,DKPt,FDPt,FantPt,DKPt,FDPt,2019
22,Dallas Cowboys,16,325,1315,11,126,94,705,2,276.20,379.0,323.0,17.3,23.7,20.2,2019
23,Atlanta Falcons,16,342,1442,8,114,84,611,4,269.50,369.3,311.3,16.8,23.1,19.5,2019
24,Denver Broncos,16,377,1507,7,109,88,616,2,260.30,357.3,304.3,16.3,22.3,19.0,2019
25,New York Jets,16,335,1060,10,119,93,721,2,250.10,347.1,296.6,15.6,21.7,18.5,2019
26,Baltimore Ravens,16,296,1309,11,77,60,454,1,244.46,315.5,275.5,15.3,19.7,17.2,2019
27,Philadelphia Eagles,16,299,1113,10,118,87,645,1,241.80,336.8,285.3,15.1,21.1,17.8,2019
28,Pittsburgh Steelers,16,382,1486,5,108,75,562,2,236.80,319.8,274.3,14.8,20.0,17.1,2019
29,Indianapolis Colts,16,309,1245,4,131,109,755,3,234.00,353.0,288.5,14.6,22.1,18.0,2019
30,New Orleans Saints,16,285,1039,7,119,95,628,4,226.70,324.7,274.2,14.2,20.3,17.1,2019
31,San Francisco 49ers,16,311,1309,7,85,62,398,0,207.10,279.7,237.7,12.9,17.5,14.9,2019
32,Tampa Bay Buccaneers,16,300,907,8,113,83,480,1,181.32,273.2,222.7,11.3,17.1,13.9,2019
33,New England Patriots,16,300,1217,1,94,67,497,1,175.40,258.4,208.9,11.0,16.2,13.1,2019
0,Detroit Lions,16,401,1855,19,105,79,770,10,440.50,529.5,480.0,27.5,33.1,30.0,2020
1,Houston Texans,16,419,2332,21,106,80,722,1,429.40,537.4,469.4,26.8,33.6,29.3,2020
2,Jacksonville Jaguars,16,420,2031,17,107,89,707,3,391.80,499.8,436.3,24.5,31.2,27.3,2020
3,Las Vegas Raiders,16,357,1703,18,121,88,677,4,372.00,469.0,416.0,23.3,29.3,26.0,2020
4,Minnesota Vikings,16,387,1818,18,106,79,508,1,346.90,441.6,386.1,21.7,27.6,24.1,2020
5,Green Bay Packers,16,335,1465,14,110,90,764,5,341.00,446.9,385.9,21.3,27.9,24.1,2020
6,Cincinnati Bengals,16,376,2013,11,81,59,445,4,333.90,405.8,363.3,20.9,25.4,22.7,2020
7,Tennessee Titans,16,348,1592,15,101,76,605,5,333.70,422.7,371.7,20.9,26.4,23.2,2020
8,Dallas Cowboys,16,419,2036,15,80,57,352,0,322.80,397.8,351.3,20.2,24.9,22.0,2020
9,Kansas City Chiefs,16,359,1618,7,121,93,846,5,316.40,417.4,362.9,19.8,26.1,22.7,2020
10,Denver Broncos,16,354,1615,14,102,76,511,2,306.80,395.6,344.6,19.2,24.7,21.5,2020
11,New England Patriots,16,380,1765,12,98,75,512,1,305.80,393.7,343.2,19.1,24.6,21.5,2020
12,Buffalo Bills,16,344,1550,14,99,76,594,1,303.50,391.4,340.4,19.0,24.5,21.3,2020
13,New York Giants,16,329,1392,11,124,92,751,4,302.30,399.3,348.3,18.9,25.0,21.8,2020
14,Arizona Cardinals,16,347,1525,10,91,66,605,6,301.00,374.0,334.0,18.8,23.4,20.9,2020
15,Carolina Panthers,16,321,1560,11,115,93,629,3,296.90,404.9,343.4,18.6,25.3,21.5,2020
16,New York Jets,16,354,1448,11,127,98,673,3,292.10,395.1,341.1,18.3,24.7,21.3,2020
17,Seattle Seahawks,16,301,1176,13,119,92,647,5,291.00,389.3,336.3,18.2,24.3,21.0,2020
18,Los Angeles Chargers,16,333,1525,9,116,91,571,4,286.10,384.6,331.1,17.9,24.0,20.7,2020
19,Philadelphia Eagles,16,373,1395,13,87,68,498,1,271.30,349.3,305.3,17.0,21.8,19.1,2020
20,0,0,Rushing,Rushing,Rushing,Receiving,Receiving,Receiving,Receiving,Fantasy,Fantasy,Fantasy,Fantasy per Game,Fantasy per Game,Fantasy per Game,2020
21,Tm,G,Att,Yds,TD,Tgt,Rec,Yds,TD,FantPt,DKPt,FDPt,FantPt,DKPt,FDPt,2020
22,Miami Dolphins,16,333,1470,10,90,72,588,1,269.80,342.8,305.8,16.9,21.4,19.1,2020
23,Baltimore Ravens,16,317,1421,7,108,81,610,5,267.10,361.1,307.6,16.7,22.6,19.2,2020
24,Chicago Bears,16,371,1545,11,93,68,494,0,263.90,340.9,297.9,16.5,21.3,18.6,2020
25,Indianapolis Colts,16,313,1170,10,105,85,567,4,259.70,354.7,302.2,16.2,22.2,18.9,2020
26,Cleveland Browns,16,322,1319,12,83,66,503,1,256.40,335.2,289.2,16.0,21.0,18.1,2020
27,San Francisco 49ers,16,316,1184,10,95,73,583,3,253.70,326.7,289.2,15.9,20.4,18.1,2020
28,Pittsburgh Steelers,16,341,1365,11,72,51,342,2,248.70,305.7,274.2,15.5,19.1,17.1,2020
29,Atlanta Falcons,16,292,1130,8,115,89,612,4,242.30,333.2,286.7,15.1,20.8,17.9,2020
30,Washington Football Team,16,340,1335,8,87,61,379,4,239.40,305.4,269.9,15.0,19.1,16.9,2020
31,Los Angeles Rams,16,322,1218,8,111,81,585,3,238.30,323.3,278.8,14.9,20.2,17.4,2020
32,Tampa Bay Buccaneers,16,285,964,8,125,101,671,3,226.00,331.5,276.0,14.1,20.7,17.3,2020
33,New Orleans Saints,16,317,1228,9,81,61,356,2,224.40,288.4,254.9,14.0,18.0,15.9,2020
