,Team,Games,Rec Tgt,Rec,Rec Yds,Rec TD,Fpts,DK Fpts,FD Fpts,Fpts/Game,DK Fpts/Game,FD Fpts/Game,Season
0,Minnesota Vikings,16,327,193,2926,22,431.40,658.4,533.9,27.0,41.2,33.4,2002
1,Arizona Cardinals,16,296,182,2568,21,399.70,605.4,494.4,25.0,37.8,30.9,2002
2,Kansas City Chiefs,16,366,227,2887,14,396.22,651.2,509.7,24.8,40.7,31.9,2002
3,Detroit Lions,16,353,200,2842,16,378.00,610.0,478.0,23.6,38.1,29.9,2002
4,San Diego Chargers,16,347,199,2831,14,367.40,596.9,466.4,23.0,37.3,29.2,2002
5,Dallas Cowboys,16,346,201,2529,17,356.00,576.7,456.2,22.3,36.0,28.5,2002
6,Cincinnati Bengals,16,252,158,2125,19,352.50,526.5,431.5,22.0,32.9,27.0,2002
7,New Orleans Saints,16,311,177,2374,15,342.40,532.4,430.9,21.4,33.3,26.9,2002
8,Houston Texans,16,322,171,2345,17,340.94,531.9,426.4,21.3,33.2,26.7,2002
9,Oakland Raiders,16,327,199,2526,13,329.70,548.6,429.1,20.6,34.3,26.8,2002
10,New England Patriots,16,304,171,2175,15,318.16,498.2,403.7,19.9,31.1,25.2,2002
11,New York Giants,16,337,185,2225,14,316.90,521.9,409.4,19.8,32.6,25.6,2002
12,Pittsburgh Steelers,16,374,208,2543,10,316.70,537.7,420.7,19.8,33.6,26.3,2002
13,San Francisco 49ers,16,326,178,2255,14,316.70,510.1,405.1,19.8,31.9,25.3,2002
14,Carolina Panthers,16,310,156,2190,15,315.24,488.2,393.2,19.7,30.5,24.6,2002
15,Tennessee Titans,16,306,173,2249,12,312.66,494.7,399.2,19.5,30.9,25.0,2002
16,Chicago Bears,16,311,180,2320,13,310.50,509.5,400.5,19.4,31.8,25.0,2002
17,Philadelphia Eagles,16,327,184,2211,14,309.50,513.5,407.5,19.3,32.1,25.5,2002
18,Atlanta Falcons,16,283,151,2177,13,303.90,476.7,379.2,19.0,29.8,23.7,2002
19,Green Bay Packers,16,325,175,2259,13,303.40,498.4,390.9,19.0,31.2,24.4,2002
20,0,0,Receiving,Receiving,Receiving,Receiving,Fantasy,Fantasy,Fantasy,Fantasy per Game,Fantasy per Game,Fantasy per Game,2002
21,Tm,G,Tgt,Rec,Yds,TD,FantPt,DKPt,FDPt,FantPt,DKPt,FDPt,2002
22,Buffalo Bills,16,290,155,2120,14,303.00,469.6,380.1,18.9,29.4,23.8,2002
23,Seattle Seahawks,16,309,168,2039,14,301.40,477.0,385.0,18.8,29.8,24.1,2002
24,St. Louis Rams,16,246,143,2175,11,299.40,462.4,382.9,18.7,28.9,23.9,2002
25,Baltimore Ravens,16,292,181,2334,8,288.10,487.1,384.6,18.0,30.4,24.0,2002
26,Washington Redskins,16,276,145,1986,11,286.20,446.2,358.7,17.9,27.9,22.4,2002
27,Jacksonville Jaguars,16,280,156,2073,12,279.60,448.6,357.6,17.5,28.0,22.4,2002
28,Cleveland Browns,16,257,135,1894,14,277.20,428.2,344.7,17.3,26.8,21.5,2002
29,New York Jets,16,289,170,2085,9,268.10,444.1,353.1,16.8,27.8,22.1,2002
30,Miami Dolphins,16,270,146,1874,12,262.42,422.4,335.4,16.4,26.4,21.0,2002
31,Denver Broncos,16,242,152,1887,11,254.60,421.6,330.6,15.9,26.4,20.7,2002
32,Indianapolis Colts,16,258,146,1939,10,251.90,410.4,324.4,15.7,25.7,20.3,2002
33,Tampa Bay Buccaneers,16,298,140,1810,8,227.82,381.8,297.8,14.2,23.9,18.6,2002
0,Atlanta Falcons,16,308,186,2691,20,396.70,604.7,489.7,24.8,37.8,30.6,2003
1,New York Giants,16,335,195,2610,19,396.64,615.3,493.8,24.8,38.5,30.9,2003
2,Seattle Seahawks,16,365,206,2676,20,390.90,616.9,493.9,24.4,38.6,30.9,2003
3,Houston Texans,16,318,178,2704,16,381.10,578.1,470.1,23.8,36.1,29.4,2003
4,Arizona Cardinals,16,286,164,2215,21,352.90,547.6,446.6,22.1,34.2,27.9,2003
5,San Francisco 49ers,16,329,181,2492,18,348.86,553.9,440.4,21.8,34.6,27.5,2003
6,Jacksonville Jaguars,16,274,159,2127,18,321.60,490.6,401.1,20.1,30.7,25.1,2003
7,Detroit Lions,16,300,173,2308,13,317.00,496.0,403.5,19.8,31.0,25.2,2003
8,San Diego Chargers,16,291,169,2133,14,313.96,507.0,404.5,19.6,31.7,25.3,2003
9,St. Louis Rams,16,267,140,1976,16,312.64,465.6,382.6,19.5,29.1,23.9,2003
10,Minnesota Vikings,16,295,160,2225,12,306.54,477.5,386.5,19.2,29.8,24.2,2003
11,Green Bay Packers,16,350,184,2352,12,306.50,507.0,398.0,19.2,31.7,24.9,2003
12,Pittsburgh Steelers,16,264,148,2060,14,299.90,466.9,373.9,18.7,29.2,23.4,2003
13,Tennessee Titans,16,280,146,2210,13,299.70,458.7,372.7,18.7,28.7,23.3,2003
14,Washington Redskins,16,278,155,2145,13,299.30,463.3,376.8,18.7,29.0,23.6,2003
15,Carolina Panthers,16,297,158,2002,15,298.16,465.2,377.2,18.6,29.1,23.6,2003
16,Kansas City Chiefs,16,329,181,2242,9,294.48,495.5,385.0,18.4,31.0,24.1,2003
17,Indianapolis Colts,16,243,136,1822,16,292.30,440.2,360.2,18.3,27.5,22.5,2003
18,Tampa Bay Buccaneers,16,294,162,2058,12,284.30,461.3,365.3,17.8,28.8,22.8,2003
19,New York Jets,16,239,149,2035,12,276.70,444.7,352.2,17.3,27.8,22.0,2003
20,0,0,Receiving,Receiving,Receiving,Receiving,Fantasy,Fantasy,Fantasy,Fantasy per Game,Fantasy per Game,Fantasy per Game,2003
21,Tm,G,Tgt,Rec,Yds,TD,FantPt,DKPt,FDPt,FantPt,DKPt,FDPt,2003
22,Baltimore Ravens,16,313,158,1936,13,275.40,448.5,359.5,17.2,28.0,22.5,2003
23,Philadelphia Eagles,16,329,176,2227,9,274.30,465.3,368.3,17.1,29.1,23.0,2003
24,Chicago Bears,16,294,167,1884,12,272.94,452.4,361.9,17.1,28.3,22.6,2003
25,Buffalo Bills,16,306,160,2073,11,269.10,441.1,349.1,16.8,27.6,21.8,2003
26,Oakland Raiders,16,235,129,1992,11,267.70,416.3,331.8,16.7,26.0,20.7,2003
27,Cincinnati Bengals,16,271,144,1992,10,264.20,421.9,335.9,16.5,26.4,21.0,2003
28,Miami Dolphins,16,270,154,2070,8,258.30,417.3,335.3,16.1,26.1,21.0,2003
29,New Orleans Saints,16,283,145,1959,9,252.36,409.4,324.9,15.8,25.6,20.3,2003
30,Denver Broncos,16,256,119,1773,10,250.66,381.5,309.0,15.7,23.8,19.3,2003
31,New England Patriots,16,345,160,2013,7,246.20,407.2,326.2,15.4,25.5,20.4,2003
32,Dallas Cowboys,16,292,124,1734,10,238.40,368.1,300.1,14.9,23.0,18.8,2003
33,Cleveland Browns,16,249,139,1657,7,206.10,356.1,275.6,12.9,22.3,17.2,2003
0,Kansas City Chiefs,16,295,161,2750,21,405.20,587.2,487.7,25.3,36.7,30.5,2004
1,Seattle Seahawks,16,320,185,2520,21,381.10,589.1,474.6,23.8,36.8,29.7,2004
2,Tennessee Titans,16,300,177,2710,18,379.80,580.6,468.1,23.7,36.3,29.3,2004
3,Minnesota Vikings,16,334,199,2793,15,378.60,604.6,478.1,23.7,37.8,29.9,2004
4,Green Bay Packers,16,325,178,2611,17,372.74,571.2,458.2,23.3,35.7,28.6,2004
5,Houston Texans,16,318,192,2438,20,366.10,577.1,468.1,22.9,36.1,29.3,2004
6,Detroit Lions,16,280,151,2256,21,358.30,529.3,432.8,22.4,33.1,27.1,2004
7,San Francisco 49ers,16,295,173,2451,17,346.70,543.7,433.2,21.7,34.0,27.1,2004
8,Oakland Raiders,16,288,175,2670,13,345.80,539.8,433.3,21.6,33.7,27.1,2004
9,Denver Broncos,16,285,163,2409,17,343.80,531.0,424.5,21.5,33.2,26.5,2004
10,Indianapolis Colts,16,299,178,2495,15,340.90,538.9,429.9,21.3,33.7,26.9,2004
11,Dallas Cowboys,16,288,157,2256,19,336.78,518.8,417.3,21.0,32.4,26.1,2004
12,Atlanta Falcons,16,309,184,2535,13,334.90,545.9,432.9,20.9,34.1,27.1,2004
13,New Orleans Saints,16,313,169,2525,12,334.00,526.0,419.5,20.9,32.9,26.2,2004
14,New England Patriots,16,339,181,2470,14,333.10,539.1,429.6,20.8,33.7,26.9,2004
15,Chicago Bears,16,299,161,2312,18,332.60,514.6,413.1,20.8,32.2,25.8,2004
16,Carolina Panthers,16,289,165,2386,13,314.10,493.1,396.6,19.6,30.8,24.8,2004
17,New York Jets,16,274,153,2264,14,306.00,477.0,388.5,19.1,29.8,24.3,2004
18,San Diego Chargers,16,310,171,2346,10,298.60,490.6,384.1,18.7,30.7,24.0,2004
19,Arizona Cardinals,16,307,154,2124,12,291.90,468.9,368.9,18.2,29.3,23.1,2004
20,0,0,Receiving,Receiving,Receiving,Receiving,Fantasy,Fantasy,Fantasy,Fantasy per Game,Fantasy per Game,Fantasy per Game,2004
21,Tm,G,Tgt,Rec,Yds,TD,FantPt,DKPt,FDPt,FantPt,DKPt,FDPt,2004
22,St. Louis Rams,16,284,151,2039,12,282.22,440.2,357.7,17.6,27.5,22.4,2004
23,Pittsburgh Steelers,16,288,148,2093,9,268.50,432.5,348.5,16.8,27.0,21.8,2004
24,Tampa Bay Buccaneers,16,248,125,1785,15,266.00,406.0,328.5,16.6,25.4,20.5,2004
25,Philadelphia Eagles,16,299,173,2118,8,262.40,449.4,348.9,16.4,28.1,21.8,2004
26,Jacksonville Jaguars,16,264,155,2083,9,260.50,440.5,350.0,16.3,27.5,21.9,2004
27,Cleveland Browns,16,240,142,1862,10,260.20,419.2,331.2,16.3,26.2,20.7,2004
28,New York Giants,16,246,147,1782,14,259.90,410.9,334.4,16.2,25.7,20.9,2004
29,Buffalo Bills,16,260,132,1810,12,255.20,390.2,321.2,16.0,24.4,20.1,2004
30,Baltimore Ravens,16,280,146,1996,8,247.60,415.2,326.2,15.5,26.0,20.4,2004
31,Cincinnati Bengals,16,258,139,1857,10,242.10,392.1,311.6,15.1,24.5,19.5,2004
32,Washington Redskins,16,292,151,1931,9,241.20,408.2,322.7,15.1,25.5,20.2,2004
33,Miami Dolphins,16,217,117,1698,9,223.50,347.5,282.0,14.0,21.7,17.6,2004
0,San Francisco 49ers,16,375,230,3230,18,428.30,691.3,543.3,26.8,43.2,34.0,2005
1,St. Louis Rams,16,326,192,2616,18,381.48,606.4,483.4,23.8,37.9,30.2,2005
2,Tennessee Titans,16,286,165,2199,23,368.04,546.0,450.5,23.0,34.1,28.2,2005
3,New York Giants,16,353,193,2773,15,362.80,589.8,459.3,22.7,36.9,28.7,2005
4,New England Patriots,16,311,164,2527,18,361.00,546.0,443.0,22.6,34.1,27.7,2005
5,Houston Texans,16,280,172,2496,16,345.90,532.9,431.9,21.6,33.3,27.0,2005
6,Seattle Seahawks,16,344,192,2418,14,328.64,543.6,424.6,20.5,34.0,26.5,2005
7,Arizona Cardinals,16,318,194,2378,15,326.40,548.4,435.4,20.4,34.3,27.2,2005
8,Kansas City Chiefs,16,320,169,2332,13,322.00,512.0,412.5,20.1,32.0,25.8,2005
9,Philadelphia Eagles,16,270,159,2209,15,310.70,482.7,390.2,19.4,30.2,24.4,2005
10,San Diego Chargers,16,311,188,2338,12,303.60,501.6,397.6,19.0,31.4,24.9,2005
11,Miami Dolphins,16,294,162,2192,14,301.02,471.0,382.0,18.8,29.4,23.9,2005
12,Washington Redskins,16,319,169,2269,12,301.00,485.1,384.6,18.8,30.3,24.0,2005
13,Jacksonville Jaguars,16,264,149,2136,14,298.90,462.9,373.4,18.7,28.9,23.3,2005
14,Buffalo Bills,16,281,167,2304,10,297.50,481.5,381.0,18.6,30.1,23.8,2005
15,Denver Broncos,16,348,185,2364,10,297.30,506.3,389.8,18.6,31.6,24.4,2005
16,Dallas Cowboys,16,283,141,2131,13,290.50,448.5,361.0,18.2,28.0,22.6,2005
17,Carolina Panthers,16,327,182,2316,10,289.10,484.1,380.1,18.1,30.3,23.8,2005
18,Minnesota Vikings,16,300,166,2093,12,286.00,469.0,369.0,17.9,29.3,23.1,2005
19,Detroit Lions,16,287,159,2087,12,285.50,464.5,371.0,17.8,29.0,23.2,2005
20,0,0,Receiving,Receiving,Receiving,Receiving,Fantasy,Fantasy,Fantasy,Fantasy per Game,Fantasy per Game,Fantasy per Game,2005
21,Tm,G,Tgt,Rec,Yds,TD,FantPt,DKPt,FDPt,FantPt,DKPt,FDPt,2005
22,Atlanta Falcons,16,321,188,2245,10,284.00,489.0,378.0,17.8,30.6,23.6,2005
23,New Orleans Saints,16,224,115,1829,14,281.60,402.6,339.1,17.6,25.2,21.2,2005
24,Cincinnati Bengals,16,295,166,2291,8,281.20,460.2,364.2,17.6,28.8,22.8,2005
25,Indianapolis Colts,16,272,167,2098,10,270.20,449.2,359.7,16.9,28.1,22.5,2005
26,Oakland Raiders,16,247,143,1979,11,264.20,417.5,335.0,16.5,26.1,20.9,2005
27,Cleveland Browns,16,271,150,1868,12,262.74,421.7,337.7,16.4,26.4,21.1,2005
28,Pittsburgh Steelers,16,322,167,2185,7,258.20,433.2,341.7,16.1,27.1,21.4,2005
29,Baltimore Ravens,16,271,146,1940,9,252.70,409.5,325.5,15.8,25.6,20.3,2005
30,New York Jets,16,256,152,1742,12,252.10,405.1,328.1,15.8,25.3,20.5,2005
31,Green Bay Packers,16,238,122,1677,11,246.70,375.7,307.7,15.4,23.5,19.2,2005
32,Tampa Bay Buccaneers,16,246,130,1920,7,235.80,378.8,300.8,14.7,23.7,18.8,2005
33,Chicago Bears,16,279,146,1873,8,233.10,389.8,305.8,14.6,24.4,19.1,2005
0,Tennessee Titans,16,298,169,2377,17,353.10,537.1,437.6,22.1,33.6,27.4,2006
1,Arizona Cardinals,16,313,184,2539,16,349.50,556.5,442.5,21.8,34.8,27.7,2006
2,Washington Redskins,16,304,180,2333,19,349.40,541.4,439.4,21.8,33.8,27.5,2006
3,Pittsburgh Steelers,16,321,181,2532,14,348.60,554.6,445.1,21.8,34.7,27.8,2006
4,Minnesota Vikings,16,385,223,2967,9,346.80,594.8,458.3,21.7,37.2,28.6,2006
5,Seattle Seahawks,16,302,168,2363,18,345.30,529.3,429.3,21.6,33.1,26.8,2006
6,Green Bay Packers,16,302,153,2162,18,337.70,499.7,414.2,21.1,31.2,25.9,2006
7,Atlanta Falcons,16,285,169,2567,12,337.60,522.1,421.6,21.1,32.6,26.4,2006
8,New York Giants,16,322,178,2394,15,335.12,526.1,424.1,20.9,32.9,26.5,2006
9,New Orleans Saints,16,266,132,1957,18,321.30,468.3,387.3,20.1,29.3,24.2,2006
10,Houston Texans,16,281,156,2150,17,318.80,499.8,396.8,19.9,31.2,24.8,2006
11,San Francisco 49ers,16,311,183,2369,14,318.80,517.8,410.3,19.9,32.4,25.6,2006
12,Detroit Lions,16,305,180,2343,13,315.00,518.8,404.8,19.7,32.4,25.3,2006
13,St. Louis Rams,16,289,159,2269,14,314.70,491.6,400.1,19.7,30.7,25.0,2006
14,Baltimore Ravens,16,286,151,2257,15,313.80,486.4,388.9,19.6,30.4,24.3,2006
15,Dallas Cowboys,16,263,155,2209,14,311.60,483.6,389.1,19.5,30.2,24.3,2006
16,Chicago Bears,16,357,185,2249,14,305.00,501.3,395.8,19.1,31.3,24.7,2006
17,New England Patriots,16,330,185,2418,10,302.10,510.0,394.5,18.9,31.9,24.7,2006
18,New York Jets,16,303,174,2246,12,299.00,487.0,386.0,18.7,30.4,24.1,2006
19,Cleveland Browns,16,292,160,2186,13,298.40,477.4,378.4,18.7,29.8,23.7,2006
20,0,0,Receiving,Receiving,Receiving,Receiving,Fantasy,Fantasy,Fantasy,Fantasy per Game,Fantasy per Game,Fantasy per Game,2006
21,Tm,G,Tgt,Rec,Yds,TD,FantPt,DKPt,FDPt,FantPt,DKPt,FDPt,2006
22,Cincinnati Bengals,16,284,168,2218,13,295.60,480.6,379.6,18.5,30.0,23.7,2006
23,Tampa Bay Buccaneers,16,281,160,2140,13,290.20,472.2,371.2,18.1,29.5,23.2,2006
24,San Diego Chargers,16,301,167,2204,11,286.00,465.0,369.5,17.9,29.1,23.1,2006
25,Miami Dolphins,16,292,157,2019,13,279.00,450.0,357.5,17.4,28.1,22.3,2006
26,Philadelphia Eagles,16,255,137,1965,12,275.60,429.6,344.1,17.2,26.9,21.5,2006
27,Buffalo Bills,16,260,154,1796,14,271.00,431.0,348.0,16.9,26.9,21.8,2006
28,Kansas City Chiefs,16,247,145,2167,8,266.70,419.2,338.7,16.7,26.2,21.2,2006
29,Jacksonville Jaguars,16,294,154,2063,9,265.30,445.0,348.0,16.6,27.8,21.8,2006
30,Carolina Panthers,16,252,130,1875,12,261.84,407.8,326.8,16.4,25.5,20.4,2006
31,Denver Broncos,16,280,156,1870,8,234.60,396.6,312.6,14.7,24.8,19.5,2006
32,Oakland Raiders,16,228,122,1649,8,217.70,345.7,278.7,13.6,21.6,17.4,2006
33,Indianapolis Colts,16,223,127,1515,8,207.00,335.0,271.5,12.9,20.9,17.0,2006
0,New Orleans Saints,16,333,202,2866,24,440.30,667.3,541.3,27.5,41.7,33.8,2007
1,St. Louis Rams,16,341,204,2870,17,392.70,622.9,493.9,24.5,38.9,30.9,2007
2,Cincinnati Bengals,16,329,206,2492,23,391.30,613.1,494.1,24.5,38.3,30.9,2007
3,Baltimore Ravens,16,316,184,2665,21,384.10,587.0,476.0,24.0,36.7,29.8,2007
4,Cleveland Browns,16,372,209,2627,18,383.70,608.7,488.2,24.0,38.0,30.5,2007
5,Arizona Cardinals,16,349,211,2686,18,380.20,613.2,485.7,23.8,38.3,30.4,2007
6,Detroit Lions,16,310,206,2490,19,365.70,585.5,468.5,22.9,36.6,29.3,2007
7,Miami Dolphins,16,269,156,2277,23,364.70,534.7,442.7,22.8,33.4,27.7,2007
8,Minnesota Vikings,16,332,202,2709,15,361.50,580.2,462.2,22.6,36.3,28.9,2007
9,Buffalo Bills,16,320,189,2503,13,340.50,542.5,435.0,21.3,33.9,27.2,2007
10,Dallas Cowboys,16,361,206,2482,15,338.16,570.9,446.9,21.1,35.7,27.9,2007
11,Atlanta Falcons,16,297,177,2383,17,338.10,542.1,432.6,21.1,33.9,27.0,2007
12,Houston Texans,16,303,186,2388,17,332.30,541.3,425.3,20.8,33.8,26.6,2007
13,Tennessee Titans,16,331,192,2370,15,327.00,533.0,423.0,20.4,33.3,26.4,2007
14,Jacksonville Jaguars,16,313,182,2347,9,326.00,528.0,417.0,20.4,33.0,26.1,2007
15,New York Giants,16,301,161,2319,16,324.50,502.5,405.0,20.3,31.4,25.3,2007
16,San Francisco 49ers,16,311,188,2397,15,323.20,537.2,423.2,20.2,33.6,26.5,2007
17,Philadelphia Eagles,16,321,181,2436,12,321.00,515.0,411.5,20.1,32.2,25.7,2007
18,Carolina Panthers,16,312,192,2401,13,317.20,529.2,413.2,19.8,33.1,25.8,2007
19,Denver Broncos,16,257,150,1981,17,313.50,472.3,388.3,19.6,29.5,24.3,2007
20,0,0,Receiving,Receiving,Receiving,Receiving,Fantasy,Fantasy,Fantasy,Fantasy per Game,Fantasy per Game,Fantasy per Game,2007
21,Tm,G,Tgt,Rec,Yds,TD,FantPt,DKPt,FDPt,FantPt,DKPt,FDPt,2007
22,Seattle Seahawks,16,344,183,2426,10,307.70,510.7,399.2,19.2,31.9,25.0,2007
23,Chicago Bears,16,309,188,2385,11,303.90,499.1,397.1,19.0,31.2,24.8,2007
24,Pittsburgh Steelers,16,344,179,2176,15,300.20,504.2,401.7,18.8,31.5,25.1,2007
25,San Diego Chargers,16,331,185,2370,11,297.60,500.6,390.1,18.6,31.3,24.4,2007
26,New England Patriots,16,314,168,2046,14,290.70,470.7,380.7,18.2,29.4,23.8,2007
27,New York Jets,16,268,158,2225,10,287.50,463.4,366.4,18.0,29.0,22.9,2007
28,Kansas City Chiefs,16,261,143,2073,13,285.90,439.9,357.4,17.9,27.5,22.3,2007
29,Oakland Raiders,16,217,130,1970,12,280.06,420.1,345.1,17.5,26.3,21.6,2007
30,Washington Redskins,16,350,186,2096,11,277.20,467.2,370.2,17.3,29.2,23.1,2007
31,Green Bay Packers,16,291,143,2040,13,276.70,428.7,348.2,17.3,26.8,21.8,2007
32,Indianapolis Colts,16,268,164,1842,10,245.50,421.5,327.5,15.3,26.3,20.5,2007
33,Tampa Bay Buccaneers,16,270,159,1774,9,240.50,403.5,320.0,15.0,25.2,20.0,2007
0,Seattle Seahawks,16,346,216,2969,17,408.44,650.4,516.4,25.5,40.7,32.3,2008
1,Arizona Cardinals,16,320,186,2436,25,406.84,602.6,499.6,25.4,37.7,31.2,2008
2,Chicago Bears,16,384,226,2767,14,356.00,597.0,469.0,22.3,37.3,29.3,2008
3,New Orleans Saints,16,344,186,2594,15,354.20,566.2,447.2,22.1,35.4,28.0,2008
4,New England Patriots,16,285,164,2325,19,348.80,522.8,430.8,21.8,32.7,26.9,2008
5,Miami Dolphins,16,327,176,2463,16,341.32,550.3,441.3,21.3,34.4,27.6,2008
6,Detroit Lions,16,232,155,2383,14,338.20,517.2,415.7,21.1,32.3,26.0,2008
7,San Francisco 49ers,16,326,197,2435,15,335.14,545.1,433.6,20.9,34.1,27.1,2008
8,St. Louis Rams,16,280,171,2561,12,333.30,517.3,418.8,20.8,32.3,26.2,2008
9,Carolina Panthers,16,327,185,2382,13,333.20,529.0,425.5,20.8,33.1,26.6,2008
10,New York Giants,16,301,170,2258,13,325.28,502.4,409.4,20.3,31.4,25.6,2008
11,New York Jets,16,329,199,2482,12,322.10,538.1,421.6,20.1,33.6,26.4,2008
12,Cleveland Browns,16,267,165,2252,16,320.30,501.0,403.5,20.0,31.3,25.2,2008
13,Jacksonville Jaguars,16,267,158,2220,16,316.70,488.2,395.2,19.8,30.5,24.7,2008
14,Houston Texans,16,272,155,2233,14,314.20,479.4,390.9,19.6,30.0,24.4,2008
15,Buffalo Bills,16,298,180,2193,10,301.40,496.0,391.0,18.8,31.0,24.4,2008
16,Kansas City Chiefs,16,288,179,2192,13,298.80,505.8,388.3,18.7,31.6,24.3,2008
17,Oakland Raiders,16,240,127,2090,12,298.40,432.4,361.9,18.7,27.0,22.6,2008
18,San Diego Chargers,16,330,215,2261,13,296.10,525.1,403.6,18.5,32.8,25.2,2008
19,Tampa Bay Buccaneers,16,255,147,2020,14,295.88,461.8,369.3,18.5,28.9,23.1,2008
20,0,0,Receiving,Receiving,Receiving,Receiving,Fantasy,Fantasy,Fantasy,Fantasy per Game,Fantasy per Game,Fantasy per Game,2008
21,Tm,G,Tgt,Rec,Yds,TD,FantPt,DKPt,FDPt,FantPt,DKPt,FDPt,2008
22,Denver Broncos,16,262,168,2104,11,292.10,470.1,376.1,18.3,29.4,23.5,2008
23,Minnesota Vikings,16,295,159,2235,11,291.60,459.5,371.0,18.2,28.7,23.2,2008
24,Atlanta Falcons,16,303,164,2227,11,291.50,471.5,373.5,18.2,29.5,23.3,2008
25,Dallas Cowboys,16,305,183,2202,11,288.50,486.4,379.9,18.0,30.4,23.7,2008
26,Green Bay Packers,16,255,120,1942,15,284.00,431.0,345.0,17.8,26.9,21.6,2008
27,Washington Redskins,16,293,150,1827,11,262.22,418.2,337.2,16.4,26.1,21.1,2008
28,Cincinnati Bengals,16,242,151,1826,12,260.60,424.6,342.1,16.3,26.5,21.4,2008
29,Philadelphia Eagles,16,277,138,1731,11,242.32,397.1,310.1,15.1,24.8,19.4,2008
30,Baltimore Ravens,16,296,142,1883,9,240.90,393.9,317.9,15.1,24.6,19.9,2008
31,Tennessee Titans,16,293,156,1923,5,221.00,388.0,299.0,13.8,24.3,18.7,2008
32,Pittsburgh Steelers,16,271,143,1474,6,185.12,340.1,256.6,11.6,21.3,16.0,2008
33,Indianapolis Colts,16,215,143,1649,4,185.00,339.0,256.5,11.6,21.2,16.0,2008
0,Jacksonville Jaguars,16,318,206,2708,21,410.30,635.8,512.8,25.6,39.7,32.1,2009
1,Seattle Seahawks,16,337,210,2640,20,391.40,615.4,496.4,24.5,38.5,31.0,2009
2,Tennessee Titans,16,326,201,2579,20,380.90,596.9,481.4,23.8,37.3,30.1,2009
3,Detroit Lions,16,285,184,2587,18,380.60,584.4,472.4,23.8,36.5,29.5,2009
4,Pittsburgh Steelers,16,333,187,2533,12,356.00,563.0,450.5,22.3,35.2,28.2,2009
5,Atlanta Falcons,16,295,185,2449,13,352.50,555.5,445.0,22.0,34.7,27.8,2009
6,Miami Dolphins,16,278,150,2417,18,352.30,512.3,428.3,22.0,32.0,26.8,2009
7,Tampa Bay Buccaneers,16,262,161,2262,19,348.58,522.4,428.9,21.8,32.7,26.8,2009
8,Indianapolis Colts,16,365,224,2592,12,338.60,581.2,450.2,21.2,36.3,28.1,2009
9,New Orleans Saints,16,333,182,2580,13,338.60,544.4,436.4,21.2,34.0,27.3,2009
10,New York Giants,16,264,152,2142,18,332.20,498.2,410.2,20.8,31.1,25.6,2009
11,St. Louis Rams,16,291,181,2550,12,328.60,535.6,425.1,20.5,33.5,26.6,2009
12,Arizona Cardinals,16,370,203,2637,11,326.80,548.8,428.3,20.4,34.3,26.8,2009
13,Washington Redskins,16,276,158,2145,15,325.80,496.8,404.8,20.4,31.1,25.3,2009
14,New England Patriots,16,306,169,2247,15,319.60,498.4,401.9,20.0,31.2,25.1,2009
15,Minnesota Vikings,16,288,174,2232,14,315.20,502.5,401.5,19.7,31.4,25.1,2009
16,Chicago Bears,16,276,168,2093,15,307.40,498.4,391.4,19.2,31.2,24.5,2009
17,San Francisco 49ers,16,329,183,2433,10,307.00,505.0,398.5,19.2,31.6,24.9,2009
18,Kansas City Chiefs,16,253,134,2153,13,304.40,459.4,371.4,19.0,28.7,23.2,2009
19,Green Bay Packers,16,305,156,2019,17,303.00,467.0,381.0,18.9,29.2,23.8,2009
20,0,0,Receiving,Receiving,Receiving,Receiving,Fantasy,Fantasy,Fantasy,Fantasy per Game,Fantasy per Game,Fantasy per Game,2009
21,Tm,G,Tgt,Rec,Yds,TD,FantPt,DKPt,FDPt,FantPt,DKPt,FDPt,2009
22,Philadelphia Eagles,16,293,171,2044,15,294.24,475.1,379.6,18.4,29.7,23.7,2009
23,Dallas Cowboys,16,337,188,2371,9,289.50,496.5,389.5,18.1,31.0,24.3,2009
24,Houston Texans,16,313,184,2182,10,284.40,477.1,377.1,17.8,29.8,23.6,2009
25,Oakland Raiders,16,237,140,2021,12,281.80,430.8,351.8,17.6,26.9,22.0,2009
26,Baltimore Ravens,16,293,163,2218,8,278.90,452.9,360.4,17.4,28.3,22.5,2009
27,San Diego Chargers,16,299,168,2017,11,275.30,465.3,371.3,17.2,29.1,23.2,2009
28,Cincinnati Bengals,16,281,144,1912,9,269.42,432.4,341.4,16.8,27.0,21.3,2009
29,Buffalo Bills,16,294,152,1803,9,257.30,415.6,332.6,16.1,26.0,20.8,2009
30,Cleveland Browns,16,259,139,2097,7,253.44,407.4,322.9,15.8,25.5,20.2,2009
31,Carolina Panthers,16,277,163,2063,4,236.90,410.9,318.4,14.8,25.7,19.9,2009
32,Denver Broncos,16,297,152,1808,9,236.20,389.2,312.2,14.8,24.3,19.5,2009
33,New York Jets,16,293,140,1544,5,188.20,345.2,270.2,11.8,21.6,16.9,2009
0,Dallas Cowboys,16,326,219,3027,24,459.10,705.1,568.6,28.7,44.1,35.5,2010
1,Houston Texans,16,313,182,2841,20,405.50,621.5,502.5,25.3,38.8,31.4,2010
2,Seattle Seahawks,16,350,188,2661,21,402.80,607.8,496.8,25.2,38.0,31.1,2010
3,San Francisco 49ers,16,314,201,2617,19,381.20,601.2,481.7,23.8,37.6,30.1,2010
4,Washington Redskins,16,332,207,2792,16,377.00,617.0,486.5,23.6,38.6,30.4,2010
5,Atlanta Falcons,16,335,200,2546,14,374.40,592.4,474.4,23.4,37.0,29.7,2010
6,Jacksonville Jaguars,16,297,189,2663,18,373.70,579.7,468.2,23.4,36.2,29.3,2010
7,Cincinnati Bengals,16,307,191,2383,18,372.26,584.3,467.8,23.3,36.5,29.2,2010
8,New England Patriots,16,363,210,2632,15,362.30,586.3,467.3,22.6,36.6,29.2,2010
9,Baltimore Ravens,16,361,206,2537,16,357.86,585.9,460.9,22.4,36.6,28.8,2010
10,St. Louis Rams,16,338,173,2486,17,350.60,545.5,442.0,21.9,34.1,27.6,2010
11,Minnesota Vikings,16,293,167,2281,18,347.88,527.9,431.4,21.7,33.0,27.0,2010
12,New York Giants,16,327,176,2425,17,347.20,544.2,435.2,21.7,34.0,27.2,2010
13,Kansas City Chiefs,16,350,171,2369,15,340.80,525.8,426.3,21.3,32.9,26.6,2010
14,New York Jets,16,337,168,2297,18,337.40,520.4,421.4,21.1,32.5,26.3,2010
15,Tennessee Titans,16,352,221,2550,13,336.70,584.7,453.2,21.0,36.5,28.3,2010
16,Denver Broncos,16,276,158,2275,13,332.90,505.9,411.9,20.8,31.6,25.7,2010
17,Cleveland Browns,16,275,162,2158,18,332.88,508.9,413.9,20.8,31.8,25.9,2010
18,Detroit Lions,16,315,176,2295,16,327.50,523.5,415.5,20.5,32.7,26.0,2010
19,Buffalo Bills,16,265,159,1968,16,327.24,502.8,406.3,20.5,31.4,25.4,2010
20,0,0,Receiving,Receiving,Receiving,Receiving,Fantasy,Fantasy,Fantasy,Fantasy per Game,Fantasy per Game,Fantasy per Game,2010
21,Tm,G,Tgt,Rec,Yds,TD,FantPt,DKPt,FDPt,FantPt,DKPt,FDPt,2010
22,Arizona Cardinals,16,317,188,2536,13,323.40,537.4,417.4,20.2,33.6,26.1,2010
23,Philadelphia Eagles,16,306,172,2276,15,322.00,509.4,407.4,20.1,31.8,25.5,2010
24,Chicago Bears,16,328,195,2511,10,313.10,530.1,410.6,19.6,33.1,25.7,2010
25,Miami Dolphins,16,268,142,2086,12,306.30,458.2,377.2,19.1,28.6,23.6,2010
26,Tampa Bay Buccaneers,16,289,166,2085,15,304.76,490.8,393.8,19.0,30.7,24.6,2010
27,Oakland Raiders,16,264,121,1979,17,300.00,430.2,359.7,18.8,26.9,22.5,2010
28,Indianapolis Colts,16,290,161,2143,10,291.80,465.6,372.1,18.2,29.1,23.3,2010
29,Pittsburgh Steelers,16,334,206,2313,9,280.80,504.8,383.8,17.6,31.6,24.0,2010
30,Carolina Panthers,16,288,177,2118,10,277.50,468.5,372.0,17.3,29.3,23.3,2010
31,Green Bay Packers,16,306,147,1992,9,273.30,431.3,346.8,17.1,27.0,21.7,2010
32,San Diego Chargers,16,286,148,1805,11,248.30,410.3,322.3,15.5,25.6,20.1,2010
33,New Orleans Saints,16,238,130,1588,6,206.70,340.3,271.3,12.9,21.3,17.0,2010
0,New England Patriots,16,403,241,3536,19,476.76,742.8,597.3,29.8,46.4,37.3,2011
1,Green Bay Packers,16,371,206,2958,19,418.70,648.7,521.7,26.2,40.5,32.6,2011
2,Minnesota Vikings,16,294,191,2773,22,418.70,630.3,513.8,26.2,39.4,32.1,2011
3,New York Giants,16,333,197,2876,20,411.40,625.4,509.9,25.7,39.1,31.9,2011
4,Oakland Raiders,16,349,187,2707,20,409.60,614.4,508.9,25.6,38.4,31.8,2011
5,Detroit Lions,16,358,210,2654,17,396.60,630.6,507.6,24.8,39.4,31.7,2011
6,New Orleans Saints,16,361,205,2901,14,379.00,604.0,481.5,23.7,37.8,30.1,2011
7,St. Louis Rams,16,290,171,2466,19,374.60,557.6,460.1,23.4,34.9,28.8,2011
8,Miami Dolphins,16,332,186,2554,18,369.14,570.1,462.1,23.1,35.6,28.9,2011
9,Arizona Cardinals,16,366,214,2915,12,367.20,611.2,480.2,23.0,38.2,30.0,2011
10,Indianapolis Colts,16,264,178,2394,17,363.00,556.0,452.0,22.7,34.8,28.3,2011
11,Atlanta Falcons,16,292,177,2606,17,360.90,557.9,449.4,22.6,34.9,28.1,2011
12,Tampa Bay Buccaneers,16,265,164,2400,18,355.18,538.0,437.0,22.2,33.6,27.3,2011
13,Dallas Cowboys,16,304,182,2611,15,352.80,550.5,443.5,22.1,34.4,27.7,2011
14,San Diego Chargers,16,288,162,2383,16,350.90,533.5,431.5,21.9,33.3,27.0,2011
15,San Francisco 49ers,16,350,189,2587,16,350.00,557.0,444.5,21.9,34.8,27.8,2011
16,Denver Broncos,16,310,184,2611,14,344.82,551.8,436.8,21.6,34.5,27.3,2011
17,Chicago Bears,16,370,210,2778,10,344.70,578.7,449.7,21.5,36.2,28.1,2011
18,Cincinnati Bengals,16,304,166,2304,15,326.90,512.9,409.9,20.4,32.1,25.6,2011
19,Carolina Panthers,16,256,150,2340,15,324.00,504.8,410.8,20.3,31.6,25.7,2011
20,0,0,Receiving,Receiving,Receiving,Receiving,Fantasy,Fantasy,Fantasy,Fantasy per Game,Fantasy per Game,Fantasy per Game,2011
21,Tm,G,Tgt,Rec,Yds,TD,FantPt,DKPt,FDPt,FantPt,DKPt,FDPt,2011
22,Philadelphia Eagles,16,280,155,2165,18,321.60,496.6,399.1,20.1,31.0,24.9,2011
23,Buffalo Bills,16,282,162,2256,14,320.10,496.1,401.1,20.0,31.0,25.1,2011
24,Houston Texans,16,329,162,2165,15,312.04,483.0,393.0,19.5,30.2,24.6,2011
25,Washington Redskins,16,306,179,2375,10,296.90,493.9,386.4,18.6,30.9,24.2,2011
26,Jacksonville Jaguars,16,265,156,2053,14,287.90,454.9,365.9,18.0,28.4,22.9,2011
27,Kansas City Chiefs,16,265,138,1948,13,284.90,437.9,359.9,17.8,27.4,22.5,2011
28,Baltimore Ravens,16,330,170,2285,8,282.40,465.4,367.4,17.7,29.1,23.0,2011
29,Seattle Seahawks,16,321,172,2228,9,275.30,480.3,379.3,17.2,30.0,23.7,2011
30,Tennessee Titans,16,307,179,1975,12,268.50,455.2,357.7,16.8,28.5,22.4,2011
31,New York Jets,16,300,147,1990,10,268.00,425.0,341.5,16.8,26.6,21.3,2011
32,Cleveland Browns,16,280,134,1865,7,234.80,374.9,300.9,14.7,23.4,18.8,2011
33,Pittsburgh Steelers,16,292,148,1668,8,216.00,365.0,290.0,13.5,22.8,18.1,2011
0,New Orleans Saints,16,341,199,3118,22,442.90,670.9,542.4,27.7,41.9,33.9,2012
1,Tampa Bay Buccaneers,16,367,225,3232,18,432.90,689.9,547.4,27.1,43.1,34.2,2012
2,Washington Redskins,16,361,211,3125,18,429.52,673.5,535.0,26.8,42.1,33.4,2012
3,Cleveland Browns,16,369,220,2757,22,408.40,640.8,517.8,25.5,40.1,32.4,2012
4,New York Giants,16,285,176,2727,21,397.40,598.4,485.4,24.8,37.4,30.3,2012
5,Philadelphia Eagles,16,273,159,2396,23,389.80,572.8,475.3,24.4,35.8,29.7,2012
6,Indianapolis Colts,16,366,224,2792,16,385.90,637.8,497.8,24.1,39.9,31.1,2012
7,New England Patriots,16,344,188,2697,18,374.30,578.9,467.9,23.4,36.2,29.2,2012
8,Houston Texans,16,344,176,2644,17,372.60,573.6,460.6,23.3,35.9,28.8,2012
9,Minnesota Vikings,16,354,225,2606,17,371.80,612.7,484.2,23.2,38.3,30.3,2012
10,Tennessee Titans,16,312,195,2443,19,369.70,582.7,467.2,23.1,36.4,29.2,2012
11,Kansas City Chiefs,16,280,154,2361,20,365.80,532.7,442.7,22.9,33.3,27.7,2012
12,Detroit Lions,16,336,203,2672,15,363.70,589.7,465.2,22.7,36.9,29.1,2012
13,Oakland Raiders,16,275,167,2448,18,363.50,549.5,447.0,22.7,34.3,27.9,2012
14,San Diego Chargers,16,318,182,2346,21,361.68,561.7,452.7,22.6,35.1,28.3,2012
15,Green Bay Packers,16,345,182,2561,16,354.90,552.9,445.9,22.2,34.6,27.9,2012
16,Buffalo Bills,16,331,191,2440,16,350.40,561.4,445.9,21.9,35.1,27.9,2012
17,Dallas Cowboys,16,292,179,2540,13,345.50,538.4,434.9,21.6,33.7,27.2,2012
18,Jacksonville Jaguars,16,313,196,2623,12,341.40,553.4,439.4,21.3,34.6,27.5,2012
19,Baltimore Ravens,16,337,207,2652,13,336.30,559.3,440.8,21.0,35.0,27.6,2012
20,0,0,Receiving,Receiving,Receiving,Receiving,Fantasy,Fantasy,Fantasy,Fantasy per Game,Fantasy per Game,Fantasy per Game,2012
21,Tm,G,Tgt,Rec,Yds,TD,FantPt,DKPt,FDPt,FantPt,DKPt,FDPt,2012
22,Miami Dolphins,16,369,208,2575,13,333.30,564.3,437.3,20.8,35.3,27.3,2012
23,Chicago Bears,16,343,188,2449,13,324.60,536.5,424.5,20.3,33.5,26.5,2012
24,Arizona Cardinals,16,325,172,2381,14,323.40,515.4,409.4,20.2,32.2,25.6,2012
25,St. Louis Rams,16,319,195,2340,10,301.60,514.6,399.1,18.9,32.2,24.9,2012
26,Carolina Panthers,16,285,174,2186,12,299.60,489.2,386.2,18.7,30.6,24.1,2012
27,Atlanta Falcons,16,327,183,2516,7,295.12,492.1,386.6,18.4,30.8,24.2,2012
28,San Francisco 49ers,16,344,203,2318,9,291.00,505.0,392.5,18.2,31.6,24.5,2012
29,Pittsburgh Steelers,16,350,181,2075,13,285.20,476.2,375.7,17.8,29.8,23.5,2012
30,Denver Broncos,16,308,162,2072,11,277.10,449.1,358.1,17.3,28.1,22.4,2012
31,Cincinnati Bengals,16,275,162,2114,10,277.00,448.6,363.6,17.3,28.0,22.7,2012
32,New York Jets,16,315,158,1968,9,273.02,435.3,351.3,17.1,27.2,22.0,2012
33,Seattle Seahawks,16,320,167,2039,10,268.10,453.1,351.6,16.8,28.3,22.0,2012
0,Philadelphia Eagles,16,420,254,3272,21,460.10,752.9,604.9,28.8,47.1,37.8,2013
1,Minnesota Vikings,16,377,236,3154,20,449.60,711.6,567.6,28.1,44.5,35.5,2013
2,Detroit Lions,16,356,191,2901,19,436.30,654.3,531.8,27.3,40.9,33.2,2013
3,New York Jets,16,375,208,2926,19,415.20,647.2,519.2,26.0,40.5,32.5,2013
4,San Diego Chargers,16,342,223,3056,16,398.90,645.9,510.4,24.9,40.4,31.9,2013
5,Green Bay Packers,16,319,186,2709,20,397.20,608.2,490.2,24.8,38.0,30.6,2013
6,Oakland Raiders,16,307,206,2694,19,385.70,622.7,488.7,24.1,38.9,30.5,2013
7,Buffalo Bills,16,377,190,2679,18,384.70,606.2,485.2,24.0,37.9,30.3,2013
8,Atlanta Falcons,16,315,202,2786,18,381.40,610.4,482.4,23.8,38.2,30.2,2013
9,Chicago Bears,16,283,161,2380,18,379.30,550.3,459.8,23.7,34.4,28.7,2013
10,Denver Broncos,16,351,193,2671,18,378.90,593.9,475.4,23.7,37.1,29.7,2013
11,Dallas Cowboys,16,331,196,2884,16,377.90,607.9,481.9,23.6,38.0,30.1,2013
12,Tampa Bay Buccaneers,16,308,193,2533,20,375.90,586.9,472.4,23.5,36.7,29.5,2013
13,Baltimore Ravens,16,361,193,2667,16,371.42,583.0,467.5,23.2,36.4,29.2,2013
14,Indianapolis Colts,16,316,187,2650,17,370.40,577.4,463.9,23.2,36.1,29.0,2013
15,Jacksonville Jaguars,16,301,180,2563,18,369.50,567.5,459.5,23.1,35.5,28.7,2013
16,Washington Redskins,16,296,188,2554,15,361.70,578.7,461.7,22.6,36.2,28.9,2013
17,Kansas City Chiefs,16,343,186,2783,14,359.00,567.8,449.8,22.4,35.5,28.1,2013
18,St. Louis Rams,16,298,202,2668,15,353.60,573.6,454.6,22.1,35.9,28.4,2013
19,New England Patriots,16,311,168,2514,15,343.60,526.6,427.6,21.5,32.9,26.7,2013
20,0,0,Receiving,Receiving,Receiving,Receiving,Fantasy,Fantasy,Fantasy,Fantasy per Game,Fantasy per Game,Fantasy per Game,2013
21,Tm,G,Tgt,Rec,Yds,TD,FantPt,DKPt,FDPt,FantPt,DKPt,FDPt,2013
22,Cleveland Browns,16,365,200,2160,19,333.50,539.4,432.4,20.8,33.7,27.0,2013
23,Cincinnati Bengals,16,350,184,2269,15,330.50,531.5,422.5,20.7,33.2,26.4,2013
24,Pittsburgh Steelers,16,356,197,2486,13,329.30,540.0,425.5,20.6,33.8,26.6,2013
25,San Francisco 49ers,16,361,200,2571,9,309.90,527.9,409.9,19.4,33.0,25.6,2013
26,Arizona Cardinals,16,338,181,2199,11,297.20,490.2,387.7,18.6,30.6,24.2,2013
27,New Orleans Saints,16,288,169,2190,12,290.40,464.4,374.9,18.2,29.0,23.4,2013
28,New York Giants,16,339,183,2114,11,287.80,483.8,385.3,18.0,30.2,24.1,2013
29,Miami Dolphins,16,362,197,2493,5,277.90,496.6,376.1,17.4,31.0,23.5,2013
30,Houston Texans,16,285,155,1846,14,271.50,444.4,354.9,17.0,27.8,22.2,2013
31,Carolina Panthers,16,298,181,2313,6,264.90,457.9,355.4,16.6,28.6,22.2,2013
32,Seattle Seahawks,16,273,150,1763,10,240.00,398.4,312.4,15.0,24.9,19.5,2013
33,Tennessee Titans,16,282,161,1962,6,229.90,404.5,316.0,14.4,25.3,19.8,2013
0,Philadelphia Eagles,16,370,204,3144,21,440.60,682.2,542.2,27.5,42.6,33.9,2014
1,Washington Redskins,16,299,196,2798,23,425.80,641.8,523.8,26.6,40.1,32.7,2014
2,Tampa Bay Buccaneers,16,313,204,2765,20,420.22,650.2,524.2,26.3,40.6,32.8,2014
3,Houston Texans,16,413,230,2849,21,414.44,665.2,529.2,25.9,41.6,33.1,2014
4,Baltimore Ravens,16,384,237,3060,15,405.70,660.7,524.2,25.4,41.3,32.8,2014
5,New Orleans Saints,16,331,204,2779,20,401.50,624.5,503.5,25.1,39.0,31.5,2014
6,Atlanta Falcons,16,330,204,3129,13,391.10,629.1,493.1,24.4,39.3,30.8,2014
7,St. Louis Rams,16,320,222,2800,16,389.30,637.3,500.3,24.3,39.8,31.3,2014
8,Chicago Bears,16,312,200,2825,18,386.40,616.4,486.4,24.2,38.5,30.4,2014
9,Green Bay Packers,16,328,186,2321,22,381.80,588.0,486.0,23.9,36.8,30.4,2014
10,Miami Dolphins,16,328,207,2535,16,380.80,606.8,484.3,23.8,37.9,30.3,2014
11,Pittsburgh Steelers,16,320,198,2787,15,370.80,598.8,475.8,23.2,37.4,29.7,2014
12,Carolina Panthers,16,323,212,2626,17,361.80,591.8,467.8,22.6,37.0,29.2,2014
13,Arizona Cardinals,16,343,210,2818,12,355.80,591.8,460.8,22.2,37.0,28.8,2014
14,New York Jets,16,316,199,2709,13,350.50,582.5,450.0,21.9,36.4,28.1,2014
15,Cleveland Browns,16,375,201,2488,15,349.90,566.9,450.4,21.9,35.4,28.2,2014
16,New York Giants,16,298,179,2552,15,349.70,552.7,445.2,21.9,34.5,27.8,2014
17,Jacksonville Jaguars,16,293,185,2639,13,349.10,552.9,441.4,21.8,34.6,27.6,2014
18,San Diego Chargers,16,305,177,2263,16,346.60,544.6,435.1,21.7,34.0,27.2,2014
19,Tennessee Titans,16,343,209,2739,11,345.08,584.9,454.4,21.6,36.6,28.4,2014
20,0,0,Receiving,Receiving,Receiving,Receiving,Fantasy,Fantasy,Fantasy,Fantasy per Game,Fantasy per Game,Fantasy per Game,2014
21,Tm,G,Tgt,Rec,Yds,TD,FantPt,DKPt,FDPt,FantPt,DKPt,FDPt,2014
22,San Francisco 49ers,16,311,176,2372,17,339.00,529.0,427.0,21.2,33.1,26.7,2014
23,Buffalo Bills,16,344,208,2556,13,332.60,548.6,436.6,20.8,34.3,27.3,2014
24,Detroit Lions,16,346,206,2430,14,329.20,545.2,432.2,20.6,34.1,27.0,2014
25,Kansas City Chiefs,16,371,208,2508,13,328.20,547.2,432.2,20.5,34.2,27.0,2014
26,Indianapolis Colts,16,320,163,2215,16,323.10,498.1,404.6,20.2,31.1,25.3,2014
27,Minnesota Vikings,16,303,184,2177,17,317.60,513.4,409.4,19.9,32.1,25.6,2014
28,Oakland Raiders,16,319,199,2400,11,315.70,527.7,415.2,19.7,33.0,26.0,2014
29,Dallas Cowboys,16,297,187,2496,10,311.10,511.0,404.5,19.4,31.9,25.3,2014
30,New England Patriots,16,323,175,2443,11,306.80,497.8,394.3,19.2,31.1,24.6,2014
31,Cincinnati Bengals,16,359,201,2326,11,305.00,527.0,405.5,19.1,32.9,25.3,2014
32,Denver Broncos,16,353,204,2121,14,299.08,511.8,400.8,18.7,32.0,25.1,2014
33,Seattle Seahawks,16,282,162,1881,5,221.00,399.0,308.0,13.8,24.9,19.3,2014
0,Washington Redskins,16,320,185,2818,23,435.60,652.5,528.0,27.2,40.8,33.0,2015
1,Indianapolis Colts,16,354,198,2830,20,434.30,660.3,533.3,27.1,41.3,33.3,2015
2,Cleveland Browns,16,329,199,2963,22,433.80,669.7,539.2,27.1,41.9,33.7,2015
3,Pittsburgh Steelers,16,364,233,3015,19,426.70,688.7,543.2,26.7,43.0,34.0,2015
4,Baltimore Ravens,16,341,211,2647,26,426.60,653.6,532.1,26.7,40.9,33.3,2015
5,Philadelphia Eagles,16,377,224,2753,24,424.74,668.7,536.7,26.5,41.8,33.5,2015
6,New Orleans Saints,16,290,182,2527,27,416.80,614.8,507.8,26.1,38.4,31.7,2015
7,New York Giants,16,381,239,2948,18,404.40,666.4,523.9,25.3,41.7,32.7,2015
8,Kansas City Chiefs,16,372,212,2844,19,401.30,635.2,507.2,25.1,39.7,31.7,2015
9,Tennessee Titans,16,306,185,2625,21,399.06,607.5,491.0,24.9,38.0,30.7,2015
10,New England Patriots,16,369,209,2983,16,397.90,624.6,502.1,24.9,39.0,31.4,2015
11,Tampa Bay Buccaneers,16,299,205,2642,22,397.10,630.0,499.5,24.8,39.4,31.2,2015
12,Buffalo Bills,16,398,222,2819,19,395.46,636.5,506.5,24.7,39.8,31.7,2015
13,New York Jets,16,373,193,2585,17,382.54,599.5,479.0,23.9,37.5,29.9,2015
14,Miami Dolphins,16,305,190,2625,19,380.60,588.6,475.6,23.8,36.8,29.7,2015
15,San Francisco 49ers,16,318,198,2838,13,375.30,592.3,474.3,23.5,37.0,29.6,2015
16,Detroit Lions,16,319,216,2677,14,366.20,597.2,474.2,22.9,37.3,29.6,2015
17,Jacksonville Jaguars,16,340,204,2666,15,359.00,585.0,461.0,22.4,36.6,28.8,2015
18,Minnesota Vikings,16,339,200,2473,17,357.00,572.9,456.9,22.3,35.8,28.6,2015
19,Oakland Raiders,16,373,225,2692,10,334.10,576.5,446.0,20.9,36.0,27.9,2015
20,0,0,Receiving,Receiving,Receiving,Receiving,Fantasy,Fantasy,Fantasy,Fantasy per Game,Fantasy per Game,Fantasy per Game,2015
21,Tm,G,Tgt,Rec,Yds,TD,FantPt,DKPt,FDPt,FantPt,DKPt,FDPt,2015
22,Chicago Bears,16,284,166,2189,19,330.50,510.2,411.2,20.7,31.9,25.7,2015
23,Green Bay Packers,16,306,179,2499,12,329.20,524.2,418.7,20.6,32.8,26.2,2015
24,Cincinnati Bengals,16,356,213,2467,12,328.40,552.4,434.9,20.5,34.5,27.2,2015
25,Carolina Panthers,16,358,203,2500,12,323.90,542.9,431.4,20.2,33.9,27.0,2015
26,Dallas Cowboys,16,290,178,2447,12,322.70,516.7,411.7,20.2,32.3,25.7,2015
27,St. Louis Rams,16,325,208,2377,12,313.50,540.5,417.5,19.6,33.8,26.1,2015
28,Houston Texans,16,323,181,2215,16,310.90,507.8,401.3,19.4,31.7,25.1,2015
29,Arizona Cardinals,16,320,174,2245,14,308.70,495.7,395.7,19.3,31.0,24.7,2015
30,San Diego Chargers,16,294,175,2383,11,308.20,494.2,395.7,19.3,30.9,24.7,2015
31,Seattle Seahawks,16,300,171,2123,6,270.90,460.8,362.3,16.9,28.8,22.6,2015
32,Atlanta Falcons,16,267,157,2041,7,247.90,417.8,326.3,15.5,26.1,20.4,2015
33,Denver Broncos,16,293,172,1963,7,241.70,425.6,327.6,15.1,26.6,20.5,2015
0,Green Bay Packers,16,344,210,3017,26,462.40,693.2,567.2,28.9,43.3,35.5,2016
1,Tennessee Titans,16,414,243,3053,17,430.24,713.6,557.1,26.9,44.6,34.8,2016
2,Philadelphia Eagles,16,351,200,3001,18,425.30,646.2,525.2,26.6,40.4,32.8,2016
3,Los Angeles Rams,16,381,242,2735,21,406.90,669.9,527.9,25.4,41.9,33.0,2016
4,San Francisco 49ers,16,324,187,2628,22,405.50,610.5,499.0,25.3,38.2,31.2,2016
5,Arizona Cardinals,16,371,230,2934,17,398.60,644.4,514.4,24.9,40.3,32.2,2016
6,New Orleans Saints,16,351,224,2890,17,394.42,638.4,506.4,24.7,39.9,31.7,2016
7,Miami Dolphins,16,324,190,2495,18,393.40,599.4,488.4,24.6,37.5,30.5,2016
8,Carolina Panthers,16,350,230,2903,14,392.00,634.8,506.8,24.5,39.7,31.7,2016
9,Cleveland Browns,16,312,181,2595,20,391.10,587.1,481.6,24.4,36.7,30.1,2016
10,Baltimore Ravens,16,344,206,2548,21,389.00,609.0,492.0,24.3,38.1,30.8,2016
11,Detroit Lions,16,310,217,2533,20,386.70,615.6,495.1,24.2,38.5,30.9,2016
12,Atlanta Falcons,16,362,225,2624,17,384.80,619.7,497.2,24.1,38.7,31.1,2016
13,Tampa Bay Buccaneers,16,334,199,2671,17,380.40,591.0,479.5,23.8,36.9,30.0,2016
14,New York Jets,16,323,200,2725,15,373.60,597.6,473.6,23.4,37.4,29.6,2016
15,Oakland Raiders,16,328,193,2702,15,371.20,593.2,467.7,23.2,37.1,29.2,2016
16,Kansas City Chiefs,16,387,219,2854,15,366.20,615.2,475.7,22.9,38.5,29.7,2016
17,Seattle Seahawks,16,331,204,2644,13,361.30,583.0,465.0,22.6,36.4,29.1,2016
18,Chicago Bears,16,319,199,2616,14,354.20,569.1,453.6,22.1,35.6,28.4,2016
19,Dallas Cowboys,16,375,232,2693,15,352.80,594.7,468.7,22.1,37.2,29.3,2016
20,0,0,Receiving,Receiving,Receiving,Receiving,Fantasy,Fantasy,Fantasy,Fantasy per Game,Fantasy per Game,Fantasy per Game,2016
21,Tm,G,Tgt,Rec,Yds,TD,FantPt,DKPt,FDPt,FantPt,DKPt,FDPt,2016
22,Indianapolis Colts,16,353,213,2678,14,351.90,572.9,458.4,22.0,35.8,28.7,2016
23,Washington Redskins,16,317,197,2593,13,342.00,557.0,440.5,21.4,34.8,27.5,2016
24,Buffalo Bills,16,318,182,2443,15,339.80,532.8,430.8,21.2,33.3,26.9,2016
25,San Diego Chargers,16,328,189,2594,12,338.60,542.6,433.1,21.2,33.9,27.1,2016
26,New England Patriots,16,348,192,2507,14,335.20,543.2,431.2,21.0,34.0,27.0,2016
27,New York Giants,16,352,196,2598,11,325.60,531.5,423.5,20.4,33.2,26.5,2016
28,Jacksonville Jaguars,16,324,196,2394,13,325.20,533.2,423.2,20.3,33.3,26.5,2016
29,Houston Texans,16,325,185,2205,13,310.50,525.5,409.0,19.4,32.8,25.6,2016
30,Minnesota Vikings,16,328,180,2117,14,303.58,492.6,393.6,19.0,30.8,24.6,2016
31,Pittsburgh Steelers,16,341,215,2398,9,295.00,528.0,402.5,18.4,33.0,25.2,2016
32,Cincinnati Bengals,16,290,177,2159,12,291.60,478.6,380.1,18.2,29.9,23.8,2016
33,Denver Broncos,16,268,140,1515,7,214.60,359.6,284.6,13.4,22.5,17.8,2016
0,Tampa Bay Buccaneers,16,330,220,2873,16,391.64,631.6,501.6,24.5,39.5,31.4,2017
1,Kansas City Chiefs,16,363,208,2836,18,391.50,626.8,494.8,24.5,39.2,30.9,2017
2,Green Bay Packers,16,289,186,2572,21,388.40,595.4,481.4,24.3,37.2,30.1,2017
3,Houston Texans,16,280,173,2562,18,373.00,568.0,459.5,23.3,35.5,28.7,2017
4,Carolina Panthers,16,342,209,2703,16,368.00,592.9,472.4,23.0,37.1,29.5,2017
5,New England Patriots,16,340,204,2755,15,367.10,588.1,469.1,22.9,36.8,29.3,2017
6,San Francisco 49ers,16,307,188,2582,15,355.50,568.5,449.5,22.2,35.5,28.1,2017
7,Indianapolis Colts,16,310,181,2633,13,348.20,540.2,438.7,21.8,33.8,27.4,2017
8,New York Jets,16,324,185,2333,16,345.60,538.9,437.4,21.6,33.7,27.3,2017
9,Dallas Cowboys,16,319,199,2199,20,345.30,556.1,444.6,21.6,34.8,27.8,2017
10,New York Giants,16,310,181,2447,16,343.84,535.8,434.3,21.5,33.5,27.1,2017
11,Tennessee Titans,16,329,193,2286,17,334.40,544.3,430.8,20.9,34.0,26.9,2017
12,Philadelphia Eagles,16,352,199,2485,14,333.80,548.5,431.0,20.9,34.3,26.9,2017
13,Seattle Seahawks,16,322,188,2435,13,329.50,531.8,422.8,20.6,33.2,26.4,2017
14,Arizona Cardinals,16,309,173,2303,15,329.00,506.0,415.5,20.6,31.6,26.0,2017
15,New Orleans Saints,16,321,185,2468,11,323.00,521.0,415.5,20.2,32.6,26.0,2017
16,Cleveland Browns,16,279,183,2232,14,318.20,518.7,415.2,19.9,32.4,26.0,2017
17,Oakland Raiders,16,272,177,2269,14,318.10,509.8,406.3,19.9,31.9,25.4,2017
18,Chicago Bears,16,303,181,2265,13,311.70,498.6,402.1,19.5,31.2,25.1,2017
19,Detroit Lions,16,334,205,2472,9,307.80,519.6,410.1,19.2,32.5,25.6,2017
20,0,0,Receiving,Receiving,Receiving,Receiving,Fantasy,Fantasy,Fantasy,Fantasy per Game,Fantasy per Game,Fantasy per Game,2017
21,Tm,G,Tgt,Rec,Yds,TD,FantPt,DKPt,FDPt,FantPt,DKPt,FDPt,2017
22,Atlanta Falcons,16,287,181,2139,14,302.20,490.2,392.7,18.9,30.6,24.5,2017
23,Los Angeles Rams,16,324,181,2316,10,287.40,484.4,378.9,18.0,30.3,23.7,2017
24,Pittsburgh Steelers,16,271,151,2054,14,285.60,450.6,361.1,17.9,28.2,22.6,2017
25,Los Angeles Chargers,16,285,167,1965,12,283.60,453.2,366.7,17.7,28.3,22.9,2017
26,Minnesota Vikings,16,323,181,2244,9,283.00,469.0,373.5,17.7,29.3,23.3,2017
27,Washington Redskins,16,271,147,2110,11,281.40,447.2,360.7,17.6,28.0,22.5,2017
28,Buffalo Bills,16,324,197,2263,8,276.00,484.0,374.5,17.3,30.3,23.4,2017
29,Denver Broncos,16,267,144,1852,14,272.70,421.7,345.7,17.0,26.4,21.6,2017
30,Miami Dolphins,16,251,145,2029,11,269.00,427.0,347.5,16.8,26.7,21.7,2017
31,Cincinnati Bengals,16,292,155,1902,12,261.70,432.7,345.2,16.4,27.0,21.6,2017
32,Baltimore Ravens,16,325,173,2216,6,258.70,443.3,344.8,16.2,27.7,21.6,2017
33,Jacksonville Jaguars,16,287,142,1768,9,244.00,390.0,315.0,15.3,24.4,19.7,2017
0,New Orleans Saints,16,362,243,3345,20,457.80,736.8,579.3,28.6,46.1,36.2,2018
1,New York Jets,16,389,247,3219,19,455.40,734.4,578.9,28.5,45.9,36.2,2018
2,Green Bay Packers,16,337,207,2781,23,441.78,679.5,551.0,27.6,42.5,34.4,2018
3,San Francisco 49ers,16,295,185,2523,27,431.40,635.4,523.9,27.0,39.7,32.7,2018
4,Atlanta Falcons,16,329,211,2720,24,421.60,657.6,527.1,26.4,41.1,32.9,2018
5,Tampa Bay Buccaneers,16,299,220,2632,22,417.50,656.5,527.5,26.1,41.0,33.0,2018
6,Philadelphia Eagles,16,375,239,3082,16,417.20,680.0,536.5,26.1,42.5,33.5,2018
7,Carolina Panthers,16,317,208,2751,20,411.78,641.8,515.8,25.7,40.1,32.2,2018
8,Oakland Raiders,16,290,167,2313,24,402.68,576.4,486.9,25.2,36.0,30.4,2018
9,Washington Redskins,16,289,193,2642,21,394.90,607.9,491.4,24.7,38.0,30.7,2018
10,Los Angeles Rams,16,278,186,2541,20,384.08,592.1,477.1,24.0,37.0,29.8,2018
11,Tennessee Titans,16,309,198,2616,19,382.34,602.3,481.3,23.9,37.6,30.1,2018
12,Detroit Lions,16,281,179,2544,18,380.42,574.4,469.9,23.8,35.9,29.4,2018
13,Kansas City Chiefs,16,382,227,2760,14,375.10,617.0,487.5,23.4,38.6,30.5,2018
14,Miami Dolphins,16,286,185,2554,19,374.80,582.7,473.2,23.4,36.4,29.6,2018
15,Chicago Bears,16,372,230,2643,14,373.26,620.3,488.3,23.3,38.8,30.5,2018
16,Seattle Seahawks,16,308,197,2500,15,365.10,587.9,469.4,22.8,36.7,29.3,2018
17,Cincinnati Bengals,16,322,203,2648,15,363.52,586.9,470.4,22.7,36.7,29.4,2018
18,Pittsburgh Steelers,16,340,215,2649,16,361.70,597.7,469.2,22.6,37.4,29.3,2018
19,Denver Broncos,16,323,202,2544,17,359.20,586.0,466.0,22.5,36.6,29.1,2018
20,0,0,Receiving,Receiving,Receiving,Receiving,Fantasy,Fantasy,Fantasy,Fantasy per Game,Fantasy per Game,Fantasy per Game,2018
21,Tm,G,Tgt,Rec,Yds,TD,FantPt,DKPt,FDPt,FantPt,DKPt,FDPt,2018
22,Arizona Cardinals,16,308,205,2399,16,358.42,575.4,460.9,22.4,36.0,28.8,2018
23,Cleveland Browns,16,361,214,2646,13,356.00,588.9,462.9,22.3,36.8,28.9,2018
24,New England Patriots,16,351,208,2545,17,354.44,578.4,458.4,22.2,36.2,28.7,2018
25,Houston Texans,16,326,205,2716,13,353.92,580.9,456.4,22.1,36.3,28.5,2018
26,New York Giants,16,304,196,2626,13,346.70,559.3,446.3,21.7,35.0,27.9,2018
27,Baltimore Ravens,16,325,176,2239,12,312.30,496.0,399.0,19.5,31.0,24.9,2018
28,Dallas Cowboys,16,291,180,2362,12,308.00,499.0,398.0,19.3,31.2,24.9,2018
29,Los Angeles Chargers,16,274,170,2169,14,306.40,491.4,391.4,19.2,30.7,24.5,2018
30,Buffalo Bills,16,267,173,1882,13,285.92,469.9,372.4,17.9,29.4,23.3,2018
31,Indianapolis Colts,16,254,166,1953,13,273.80,451.8,356.8,17.1,28.2,22.3,2018
32,Minnesota Vikings,16,290,176,2072,9,273.60,458.6,361.6,17.1,28.7,22.6,2018
33,Jacksonville Jaguars,16,288,174,2136,7,268.00,458.6,354.6,16.8,28.7,22.2,2018
0,Tampa Bay Buccaneers,16,403,240,3176,21,462.10,734.1,582.1,28.9,45.9,36.4,2019
1,Miami Dolphins,16,332,193,2784,26,440.00,660.0,536.5,27.5,41.3,33.5,2019
2,Philadelphia Eagles,16,336,195,2809,21,435.00,660.0,532.5,27.2,41.3,33.3,2019
3,New Orleans Saints,16,344,204,2801,18,422.40,646.2,524.2,26.4,40.4,32.8,2019
4,New York Giants,16,308,206,2892,22,420.24,652.2,523.2,26.3,40.8,32.7,2019
5,Detroit Lions,16,369,223,3036,20,420.20,674.2,537.7,26.3,42.1,33.6,2019
6,Indianapolis Colts,16,288,197,2633,18,393.90,614.9,492.4,24.6,38.4,30.8,2019
7,New York Jets,16,335,204,2563,20,382.60,603.6,484.6,23.9,37.7,30.3,2019
8,Arizona Cardinals,16,332,224,2764,16,381.50,627.5,493.5,23.8,39.2,30.8,2019
9,Oakland Raiders,16,281,174,2681,17,380.20,575.4,466.4,23.8,36.0,29.2,2019
10,Minnesota Vikings,16,343,231,2727,18,378.82,636.8,496.3,23.7,39.8,31.0,2019
11,Houston Texans,16,318,190,2676,18,375.70,589.7,470.7,23.5,36.9,29.4,2019
12,Washington Redskins,16,273,190,2406,21,375.10,576.1,470.1,23.4,36.0,29.4,2019
13,Carolina Panthers,16,349,227,2812,13,366.30,617.3,481.8,22.9,38.6,30.1,2019
14,Atlanta Falcons,16,276,187,2638,16,359.30,567.3,452.8,22.5,35.5,28.3,2019
15,Cincinnati Bengals,16,266,158,2578,14,354.94,525.9,433.9,22.2,32.9,27.1,2019
16,Tennessee Titans,16,310,202,2662,13,350.90,571.2,451.2,21.9,35.7,28.2,2019
17,Seattle Seahawks,16,331,198,2483,12,349.20,572.2,448.2,21.8,35.8,28.0,2019
18,Baltimore Ravens,16,357,206,2554,11,327.30,544.0,428.0,20.5,34.0,26.8,2019
19,San Francisco 49ers,16,311,186,2085,17,321.80,532.8,420.8,20.1,33.3,26.3,2019
20,0,0,Receiving,Receiving,Receiving,Receiving,Fantasy,Fantasy,Fantasy,Fantasy per Game,Fantasy per Game,Fantasy per Game,2019
21,Tm,G,Tgt,Rec,Yds,TD,FantPt,DKPt,FDPt,FantPt,DKPt,FDPt,2019
22,Green Bay Packers,16,281,157,2487,11,319.56,501.6,398.1,20.0,31.4,24.9,2019
23,Jacksonville Jaguars,16,292,178,2528,10,319.10,513.1,408.1,19.9,32.1,25.5,2019
24,Los Angeles Rams,16,322,204,2470,11,312.60,524.3,414.3,19.5,32.8,25.9,2019
25,Denver Broncos,16,271,168,2212,14,312.20,497.1,396.1,19.5,31.1,24.8,2019
26,Dallas Cowboys,16,279,172,2158,13,302.22,480.2,388.2,18.9,30.0,24.3,2019
27,Pittsburgh Steelers,16,281,164,2156,13,292.78,462.8,374.8,18.3,28.9,23.4,2019
28,Cleveland Browns,16,289,175,2216,10,291.74,479.6,379.1,18.2,30.0,23.7,2019
29,Chicago Bears,16,294,177,2298,9,283.50,477.5,372.0,17.7,29.8,23.3,2019
30,Los Angeles Chargers,16,241,173,2063,11,281.50,460.3,367.8,17.6,28.8,23.0,2019
31,Buffalo Bills,16,328,198,2162,6,265.40,469.7,361.7,16.6,29.4,22.6,2019
32,Kansas City Chiefs,16,272,151,1909,11,262.10,416.9,337.4,16.4,26.1,21.1,2019
33,New England Patriots,16,324,167,1999,4,237.24,416.2,320.7,14.8,26.0,20.0,2019
0,Atlanta Falcons,16,359,244,3348,20,475.70,756.7,598.7,29.7,47.3,37.4,2020
1,Dallas Cowboys,16,306,203,2807,27,468.88,695.9,570.4,29.3,43.5,35.7,2020
2,Detroit Lions,16,335,239,3291,19,463.80,727.8,583.3,29.0,45.5,36.5,2020
3,Minnesota Vikings,16,305,204,2864,24,449.20,671.2,551.2,28.1,42.0,34.5,2020
4,Tennessee Titans,16,389,264,3100,22,447.84,734.6,579.6,28.0,45.9,36.2,2020
5,Cleveland Browns,16,347,214,2805,20,420.66,650.4,527.4,26.3,40.7,33.0,2020
6,Houston Texans,16,311,219,2747,22,418.30,662.9,529.4,26.1,41.4,33.1,2020
7,Miami Dolphins,16,333,204,3023,15,417.80,648.8,519.8,26.1,40.6,32.5,2020
8,Philadelphia Eagles,16,307,214,2731,17,411.20,651.9,521.9,25.7,40.7,32.6,2020
9,Seattle Seahawks,16,411,283,3295,13,409.50,721.3,550.8,25.6,45.1,34.4,2020
10,Las Vegas Raiders,16,312,203,2784,18,400.60,623.6,502.1,25.0,39.0,31.4,2020
11,Jacksonville Jaguars,16,309,210,2755,18,398.20,640.2,503.2,24.9,40.0,31.5,2020
12,New York Jets,16,322,227,2790,16,384.16,631.2,497.7,24.0,39.5,31.1,2020
13,Indianapolis Colts,16,315,204,2774,17,383.88,612.8,485.8,24.0,38.3,30.4,2020
14,Tampa Bay Buccaneers,16,345,236,2733,17,379.62,638.1,497.1,23.7,39.9,31.1,2020
15,New Orleans Saints,16,314,194,2689,17,377.80,587.0,474.0,23.6,36.7,29.6,2020
16,Cincinnati Bengals,16,309,197,2483,20,374.96,587.8,473.3,23.4,36.7,29.6,2020
17,San Francisco 49ers,16,324,211,2438,18,363.28,589.7,468.2,22.7,36.9,29.3,2020
18,Denver Broncos,16,327,212,2607,14,350.92,585.9,462.9,21.9,36.6,28.9,2020
19,Arizona Cardinals,16,328,222,2504,16,348.98,584.8,459.8,21.8,36.6,28.7,2020
20,0,0,Receiving,Receiving,Receiving,Receiving,Fantasy,Fantasy,Fantasy,Fantasy per Game,Fantasy per Game,Fantasy per Game,2020
21,Tm,G,Tgt,Rec,Yds,TD,FantPt,DKPt,FDPt,FantPt,DKPt,FDPt,2020
22,Pittsburgh Steelers,16,314,178,2408,17,347.70,543.7,436.7,21.7,34.0,27.3,2020
23,Carolina Panthers,16,309,207,2434,16,345.70,580.5,455.0,21.6,36.3,28.4,2020
24,Los Angeles Chargers,16,290,177,2359,15,344.76,532.7,433.2,21.5,33.3,27.1,2020
25,New York Giants,16,312,214,2498,13,343.44,571.0,450.0,21.5,35.7,28.1,2020
26,Chicago Bears,16,295,187,2440,15,334.30,539.3,427.8,20.9,33.7,26.7,2020
27,Green Bay Packers,16,301,184,2307,13,330.80,523.8,422.8,20.7,32.7,26.4,2020
28,New England Patriots,16,277,182,2318,16,329.40,524.4,420.4,20.6,32.8,26.3,2020
29,Buffalo Bills,16,325,200,2334,13,318.48,535.4,418.4,19.9,33.5,26.2,2020
30,Kansas City Chiefs,16,283,169,2159,15,315.60,500.6,400.1,19.7,31.3,25.0,2020
31,Baltimore Ravens,16,341,215,2361,11,312.64,545.6,428.1,19.5,34.1,26.8,2020
32,Washington Football Team,16,319,199,2321,10,304.70,518.4,409.9,19.0,32.4,25.6,2020
33,Los Angeles Rams,16,296,195,2075,7,256.20,457.0,353.5,16.0,28.6,22.1,2020
